t,rpm,throttle,gear,boost,speed
0.020208358764648438,612.0,0.0,1,0.0,0.0
0.06353402137756348,473.76,0.0,1,0.0,0.0
0.09685444831848145,407.40479999999997,0.0,1,0.0,0.0
0.12993574142456055,375.554304,0.0,1,0.0,0.0
0.16049885749816895,360.26606592,0.0,1,0.0,0.0
0.19316601753234863,352.9277116416,0.0,1,0.0,0.0
0.2268965244293213,349.405301587968,0.0,1,0.0,0.0
0.25731778144836426,347.71454476222465,0.0,1,0.0,0.0
0.2880125045776367,346.9029814858678,0.0,1,0.0,0.0
0.3211550712585449,346.51343111321654,0.0,1,0.0,0.0
0.34789323806762695,346.32644693434395,0.0,1,0.0,0.0
0.3735692501068115,346.23669452848515,0.0,1,0.0,0.0
0.4017915725708008,346.19361337367286,0.0,1,0.0,0.0
0.4290447235107422,346.17293441936295,0.0,1,0.0,0.0
0.4561283588409424,346.16300852129416,0.0,1,0.0,0.0
0.482684850692749,346.15824409022116,0.0,1,0.0,0.0
0.5079317092895508,346.15595716330614,0.0,1,0.0,0.0
0.5349695682525635,346.15485943838695,0.0,1,0.0,0.0
0.5620801448822021,346.15433253042573,0.0,1,0.0,0.0
0.5896787643432617,346.15407961460437,0.0,1,0.0,0.0
0.6164445877075195,346.1539582150101,0.0,1,0.0,0.0
0.6405222415924072,346.15389994320486,0.0,1,0.0,0.0
0.6662497520446777,346.15387197273833,0.0,1,0.0,0.0
0.6904284954071045,346.1538585469144,0.0,1,0.0,0.0
0.7176764011383057,346.15385210251895,0.0,1,0.0,0.0
0.7437891960144043,346.1538490092091,0.0,1,0.0,0.0
0.7683777809143066,346.15384752442037,0.0,1,0.0,0.0
0.794405460357666,346.1538468117218,0.0,1,0.0,0.0
0.8191521167755127,346.15384646962644,0.0,1,0.0,0.0
0.8413307666778564,346.1538463054207,0.0,1,0.0,0.0
0.8659834861755371,346.1538462266019,0.0,1,0.0,0.0
0.8909518718719482,346.1538461887689,0.0,1,0.0,0.0
0.9148573875427246,346.1538461706091,0.0,1,0.0,0.0
0.938023567199707,346.1538461618924,0.0,1,0.0,0.0
0.9638192653656006,346.15384615770836,0.0,1,0.0,0.0
0.990084171295166,346.1538461557,0.0,1,0.0,0.0
1.0161442756652832,346.153846154736,0.0,1,0.0,0.0
1.0385429859161377,346.1538461542733,0.0,1,0.0,0.0
1.0626447200775146,346.15384615405117,0.0,1,0.0,0.0
1.0817070007324219,346.1538461539445,0.0,1,0.0,0.0
1.1075427532196045,346.15384615389337,0.0,1,0.0,0.0
1.1271939277648926,346.1538461538688,0.0,1,0.0,0.0
1.1482722759246826,346.15384615385705,0.0,1,0.0,0.0
1.172408103942871,346.1538461538514,0.0,1,0.0,0.0
1.1939332485198975,346.1538461538487,0.0,1,0.0,0.0
1.2139806747436523,346.1538461538474,0.0,1,0.0,0.0
1.2370986938476562,346.15384615384676,0.0,1,0.0,0.0
1.2601532936096191,346.1538461538464,0.0,1,0.0,0.0
1.2812044620513916,346.1538461538463,0.0,1,0.0,0.0
1.3035826683044434,346.1538461538462,0.0,1,0.0,0.0
1.3276457786560059,346.1538461538462,0.0,1,0.0,0.0
1.3497414588928223,346.1538461538462,0.0,1,0.0,0.0
1.3717923164367676,346.1538461538462,0.0,1,0.0,0.0
1.391357183456421,346.1538461538462,0.0,1,0.0,0.0
1.4145996570587158,346.1538461538462,0.0,1,0.0,0.0
1.4391632080078125,346.1538461538462,0.0,1,0.0,0.0
1.4612135887145996,346.1538461538462,0.0,1,0.0,0.0
1.4843242168426514,346.1538461538462,0.0,1,0.0,0.0
1.5089824199676514,346.1538461538462,0.0,1,0.0,0.0
1.531181812286377,346.1538461538462,0.0,1,0.0,0.0
1.554131031036377,346.1538461538462,0.0,1,0.0,0.0
1.5767381191253662,346.1538461538462,0.0,1,0.0,0.0
1.5999796390533447,346.1538461538462,0.0,1,0.0,0.0
1.6264028549194336,346.1538461538462,0.0,1,0.0,0.0
1.6571555137634277,346.1538461538462,0.0,1,0.0,0.0
1.683748483657837,346.1538461538462,0.0,1,0.0,0.0
1.7083065509796143,346.1538461538462,0.0,1,0.0,0.0
1.7303602695465088,346.1538461538462,0.0,1,0.0,0.0
1.7514698505401611,346.1538461538462,0.0,1,0.0,0.0
1.7725656032562256,346.1538461538462,0.0,1,0.0,0.0
1.7972514629364014,346.1538461538462,0.0,1,0.0,0.0
1.8203189373016357,346.1538461538462,0.0,1,0.0,0.0
1.8433966636657715,346.1538461538462,0.0,1,0.0,0.0
1.8680706024169922,346.1538461538462,0.0,1,0.0,0.0
1.8932380676269531,346.1538461538462,0.0,1,0.0,0.0
1.9168124198913574,346.1538461538462,0.0,1,0.0,0.0
1.9419913291931152,346.1538461538462,0.0,1,0.0,0.0
1.964021921157837,346.1538461538462,0.0,1,0.0,0.0
1.9872989654541016,346.1538461538462,0.0,1,0.0,0.0
2.0073132514953613,346.1538461538462,0.0,1,0.0,0.0
2.032885789871216,346.1538461538462,0.0,1,0.0,0.0
2.0579943656921387,346.1538461538462,0.0,1,0.0,0.0
2.08504319190979,346.1538461538462,0.0,1,0.0,0.0
2.1092169284820557,346.1538461538462,0.0,1,0.0,0.0
2.1307637691497803,346.1538461538462,0.0,1,0.0,0.0
2.1545534133911133,346.1538461538462,0.0,1,0.0,0.0
2.1778955459594727,346.1538461538462,0.0,1,0.0,0.0
2.203089475631714,346.1538461538462,0.0,1,0.0,0.0
2.226212978363037,346.1538461538462,0.0,1,0.0,0.0
2.2502853870391846,346.1538461538462,0.0,1,0.0,0.0
2.2737114429473877,346.1538461538462,0.0,1,0.0,0.0
2.2974581718444824,346.1538461538462,0.0,1,0.0,0.0
2.3180062770843506,346.1538461538462,0.0,1,0.0,0.0
2.342552900314331,346.1538461538462,0.0,1,0.0,0.0
2.364136219024658,346.1538461538462,0.0,1,0.0,0.0
2.386744260787964,346.1538461538462,0.0,1,0.0,0.0
2.411940813064575,346.1538461538462,0.0,1,0.0,0.0
2.4322879314422607,346.1538461538462,0.0,1,0.0,0.0
2.455653429031372,346.1538461538462,0.0,1,0.0,0.0
2.479356050491333,346.1538461538462,0.0,1,0.0,0.0
2.500514507293701,346.1538461538462,0.0,1,0.0,0.0
2.52142071723938,346.1538461538462,0.0,1,0.0,0.0
2.5445034503936768,346.1538461538462,0.0,1,0.0,0.0
2.567127227783203,346.1538461538462,0.0,1,0.0,0.0
2.5897581577301025,346.1538461538462,0.0,1,0.0,0.0
2.6134743690490723,346.1538461538462,0.0,1,0.0,0.0
2.636023759841919,346.1538461538462,0.0,1,0.0,0.0
2.6601955890655518,346.1538461538462,0.0,1,0.0,0.0
2.682328462600708,346.1538461538462,0.0,1,0.0,0.0
2.7039170265197754,346.1538461538462,0.0,1,0.0,0.0
2.7281694412231445,346.1538461538462,0.0,1,0.0,0.0
2.7492613792419434,346.1538461538462,0.0,1,0.0,0.0
2.7693073749542236,346.1538461538462,0.0,1,0.0,0.0
2.789355754852295,346.1538461538462,0.0,1,0.0,0.0
2.813392162322998,346.1538461538462,0.0,1,0.0,0.0
2.834465980529785,346.1538461538462,0.0,1,0.0,0.0
2.8570308685302734,346.1538461538462,0.0,1,0.0,0.0
2.87709903717041,346.1538461538462,0.0,1,0.0,0.0
2.8961424827575684,346.1538461538462,0.0,1,0.0,0.0
2.9167215824127197,346.1538461538462,0.0,1,0.0,0.0
2.9402880668640137,346.1538461538462,0.0,1,0.0,0.0
2.961334705352783,346.1538461538462,0.0,1,0.0,0.0
2.984382390975952,346.1538461538462,0.0,1,0.0,0.0
3.0079569816589355,346.1538461538462,0.0,1,0.0,0.0
3.0284833908081055,346.1538461538462,0.0,1,0.0,0.0
3.05355167388916,346.1538461538462,0.0,1,0.0,0.0
3.07368803024292,346.1538461538462,0.0,1,0.0,0.0
3.095705032348633,346.1538461538462,0.0,1,0.0,0.0
3.114849328994751,346.1538461538462,0.0,1,0.0,0.0
3.139864206314087,346.1538461538462,0.0,1,0.0,0.0
3.1645667552948,346.1538461538462,0.0,1,0.0,0.0
3.1873488426208496,346.1538461538462,0.0,1,0.0,0.0
3.209406614303589,346.1538461538462,0.0,1,0.0,0.0
3.2340142726898193,346.1538461538462,0.0,1,0.0,0.0
3.2580182552337646,346.1538461538462,0.0,1,0.0,0.0
3.2801198959350586,346.1538461538462,0.0,1,0.0,0.0
3.3018858432769775,346.1538461538462,0.0,1,0.0,0.0
3.3257250785827637,346.1538461538462,0.0,1,0.0,0.0
3.345806360244751,346.1538461538462,0.0,1,0.0,0.0
3.3643391132354736,346.1538461538462,0.0,1,0.0,0.0
3.385899543762207,346.1538461538462,0.0,1,0.0,0.0
3.4093563556671143,346.1538461538462,0.0,1,0.0,0.0
3.4289355278015137,346.1538461538462,0.0,1,0.0,0.0
3.449986457824707,346.1538461538462,0.0,1,0.0,0.0
3.46964693069458,346.1538461538462,0.0,1,0.0,0.0
3.490710973739624,346.1538461538462,0.0,1,0.0,0.0
3.512741804122925,346.1538461538462,0.0,1,0.0,0.0
3.5388028621673584,346.1538461538462,0.0,1,0.0,0.0
3.56295108795166,346.1538461538462,0.0,1,0.0,0.0
3.5843052864074707,346.1538461538462,0.0,1,0.0,0.0
3.6079015731811523,346.1538461538462,0.0,1,0.0,0.0
3.630497694015503,346.1538461538462,0.0,1,0.0,0.0
3.652327060699463,346.1538461538462,0.0,1,0.0,0.0
3.6755940914154053,346.1538461538462,0.0,1,0.0,0.0
3.697171926498413,346.1538461538462,0.0,1,0.0,0.0
3.7199490070343018,346.1538461538462,0.0,1,0.0,0.0
3.7406935691833496,346.1538461538462,0.0,1,0.0,0.0
3.763731002807617,346.1538461538462,0.0,1,0.0,0.0
3.7891316413879395,346.1538461538462,0.0,1,0.0,0.0
3.8117477893829346,346.1538461538462,0.0,1,0.0,0.0
3.8359527587890625,346.1538461538462,0.0,1,0.0,0.0
3.8591318130493164,346.1538461538462,0.0,1,0.0,0.0
3.8835973739624023,346.1538461538462,0.0,1,0.0,0.0
3.903886079788208,346.1538461538462,0.0,1,0.0,0.0
3.9240527153015137,346.1538461538462,0.0,1,0.0,0.0
3.946753978729248,346.1538461538462,0.0,1,0.0,0.0
3.9678940773010254,346.1538461538462,0.0,1,0.0,0.0
3.9880311489105225,346.1538461538462,0.0,1,0.0,0.0
4.010141611099243,346.1538461538462,0.0,1,0.0,0.0
4.031674861907959,346.1538461538462,0.0,1,0.0,0.0
4.051696538925171,346.1538461538462,0.0,1,0.0,0.0
4.073887348175049,346.1538461538462,0.0,1,0.0,0.0
4.09398627281189,346.1538461538462,0.0,1,0.0,0.0
4.115612506866455,346.1538461538462,0.0,1,0.0,0.0
4.135772228240967,346.1538461538462,0.0,1,0.0,0.0
4.16013503074646,346.1538461538462,0.0,1,0.0,0.0
4.181879758834839,346.1538461538462,0.0,1,0.0,0.0
4.204025983810425,346.1538461538462,0.0,1,0.0,0.0
4.223571300506592,346.1538461538462,0.0,1,0.0,0.0
4.244605779647827,346.1538461538462,0.0,1,0.0,0.0
4.26263689994812,346.1538461538462,0.0,1,0.0,0.0
4.285799503326416,346.1538461538462,0.0,1,0.0,0.0
4.30711555480957,346.1538461538462,0.0,1,0.0,0.0
4.327766180038452,346.1538461538462,0.0,1,0.0,0.0
4.3488609790802,346.1538461538462,0.0,1,0.0,0.0
4.367945909500122,346.1538461538462,0.0,1,0.0,0.0
4.3889594078063965,346.1538461538462,0.0,1,0.0,0.0
4.409055709838867,346.1538461538462,0.0,1,0.0,0.0
4.431774139404297,346.1538461538462,0.0,1,0.0,0.0
4.456401586532593,346.1538461538462,0.0,1,0.0,0.0
4.474962949752808,346.1538461538462,0.0,1,0.0,0.0
4.496022701263428,346.1538461538462,0.0,1,0.0,0.0
4.518815517425537,346.1538461538462,0.0,1,0.0,0.0
4.543489217758179,346.1538461538462,0.0,1,0.0,0.0
4.56463098526001,346.1538461538462,0.0,1,0.0,0.0
4.583736896514893,346.1538461538462,0.0,1,0.0,0.0
4.602940559387207,346.1538461538462,0.0,1,0.0,0.0
4.621556282043457,346.1538461538462,0.0,1,0.0,0.0
4.641749143600464,346.1538461538462,0.0,1,0.0,0.0
4.663093566894531,346.1538461538462,0.0,1,0.0,0.0
4.684442758560181,346.1538461538462,0.0,1,0.0,0.0
4.708141565322876,346.1538461538462,0.0,1,0.0,0.0
4.7298431396484375,346.1538461538462,0.0,1,0.0,0.0
4.7531585693359375,346.1538461538462,0.0,1,0.0,0.0
4.777411937713623,346.1538461538462,0.0,1,0.0,0.0
4.797985792160034,346.1538461538462,0.0,1,0.0,0.0
4.816953182220459,346.1538461538462,0.0,1,0.0,0.0
4.840730428695679,346.1538461538462,0.0,1,0.0,0.0
4.863889217376709,346.1538461538462,0.0,1,0.0,0.0
4.883922576904297,346.1538461538462,0.0,1,0.0,0.0
4.901832103729248,346.1538461538462,0.0,1,0.0,0.0
4.925669431686401,346.1538461538462,0.0,1,0.0,0.0
4.945024728775024,346.1538461538462,0.0,1,0.0,0.0
4.968185663223267,346.1538461538462,0.0,1,0.0,0.0
4.9912755489349365,346.1538461538462,0.0,1,0.0,0.0
5.010923862457275,346.1538461538462,0.0,1,0.0,0.0
5.030666351318359,346.1538461538462,0.0,1,0.0,0.0
5.049718618392944,346.1538461538462,0.0,1,0.0,0.0
5.068495273590088,346.1538461538462,0.0,1,0.0,0.0
5.088547945022583,346.1538461538462,0.0,1,0.0,0.0
5.11128568649292,346.1538461538462,0.0,1,0.0,0.0
5.133014917373657,346.1538461538462,0.0,1,0.0,0.0
5.155660390853882,346.1538461538462,0.0,1,0.0,0.0
5.177325010299683,346.1538461538462,0.0,1,0.0,0.0
5.1979169845581055,346.1538461538462,0.0,1,0.0,0.0
5.219054222106934,346.1538461538462,0.0,1,0.0,0.0
5.237890243530273,346.1538461538462,0.0,1,0.0,0.0
5.2609686851501465,346.1538461538462,0.0,1,0.0,0.0
5.281074285507202,346.1538461538462,0.0,1,0.0,0.0
5.2991814613342285,346.1538461538462,0.0,1,0.0,0.0
5.317822694778442,346.1538461538462,0.0,1,0.0,0.0
5.341694116592407,346.1538461538462,0.0,1,0.0,0.0
5.364670753479004,346.1538461538462,0.0,1,0.0,0.0
5.383770227432251,346.1538461538462,0.0,1,0.0,0.0
5.401505470275879,346.1538461538462,0.0,1,0.0,0.0
5.420668840408325,346.1538461538462,0.0,1,0.0,0.0
5.439298391342163,346.1538461538462,0.0,1,0.0,0.0
5.4618799686431885,346.1538461538462,0.0,1,0.0,0.0
5.481312990188599,346.1538461538462,0.0,1,0.0,0.0
5.500355243682861,346.1538461538462,0.0,1,0.0,0.0
5.519397974014282,346.1538461538462,0.0,1,0.0,0.0
5.542744159698486,346.1538461538462,0.0,1,0.0,0.0
5.5636069774627686,346.1538461538462,0.0,1,0.0,0.0
5.585649013519287,346.1538461538462,0.0,1,0.0,0.0
5.609789133071899,346.1538461538462,0.0,1,0.0,0.0
5.632331609725952,346.1538461538462,0.0,1,0.0,0.0
5.650360345840454,346.1538461538462,0.0,1,0.0,0.0
5.669971227645874,346.1538461538462,0.0,1,0.0,0.0
5.688974380493164,346.1538461538462,0.0,1,0.0,0.0
5.711018323898315,346.1538461538462,0.0,1,0.0,0.0
5.732377767562866,346.1538461538462,0.0,1,0.0,0.0
5.755933046340942,346.1538461538462,0.0,1,0.0,0.0
5.779997110366821,346.1538461538462,0.0,1,0.0,0.0
5.800045728683472,346.1538461538462,0.0,1,0.0,0.0
5.819094896316528,346.1538461538462,0.0,1,0.0,0.0
5.841646671295166,346.1538461538462,0.0,1,0.0,0.0
5.859680891036987,346.1538461538462,0.0,1,0.0,0.0
5.879255533218384,346.1538461538462,0.0,1,0.0,0.0
5.897322654724121,346.1538461538462,0.0,1,0.0,0.0
5.917360305786133,346.1538461538462,0.0,1,0.0,0.0
5.938449144363403,346.1538461538462,0.0,1,0.0,0.0
5.962118864059448,346.1538461538462,0.0,1,0.0,0.0
5.9811530113220215,346.1538461538462,0.0,1,0.0,0.0
6.000183343887329,346.1538461538462,0.0,1,0.0,0.0
6.018248558044434,346.1538461538462,0.0,1,0.0,0.0
6.037731409072876,346.1538461538462,0.0,1,0.0,0.0
6.059875726699829,346.1538461538462,0.0,1,0.0,0.0
6.081944465637207,346.1538461538462,0.0,1,0.0,0.0
6.107703447341919,346.1538461538462,0.0,1,0.0,0.0
6.134788513183594,346.1538461538462,0.0,1,0.0,0.0
6.163344621658325,346.1538461538462,0.0,1,0.0,0.0
6.187891483306885,346.1538461538462,0.0,1,0.0,0.0
6.210949659347534,346.1538461538462,0.0,1,0.0,0.0
6.234323740005493,346.1538461538462,0.0,1,0.0,0.0
6.252372741699219,346.1538461538462,0.0,1,0.0,0.0
6.27093243598938,346.1538461538462,0.0,1,0.0,0.0
6.2909815311431885,347.2108237530888,0.1,1,0.0004982007003985028,0.02772762424242423
6.310028314590454,348.7228547996252,0.1,1,0.0009531341957550012,0.054083376174216255
6.32962703704834,350.5067210257983,0.1,1,0.0014151831702835104,0.08184021668105676
6.348770618438721,352.42160788692496,0.1,1,0.0018605058545667775,0.10961121638098406
6.372335433959961,354.5587774322935,0.1,1,0.002354416279750627,0.14156355644148821
6.392557859420776,356.6443467046604,0.1,1,0.0027663507761355208,0.1693633288969769
6.412130355834961,358.65261827984284,0.1,1,0.003144204114633897,0.19578509667886548
6.4347007274627686,360.83633583792994,0.1,1,0.0035867882010547076,0.22778264526648334
6.45374608039856,362.89262808087665,0.1,1,0.003937816229015223,0.25422827165629597
6.472792863845825,364.88814513249736,0.1,1,0.004277729674510978,0.280684101606813
6.497071266174316,367.12035960409776,0.1,1,0.004693499293329617,0.31411446907490903
6.516801118850708,369.25427909733924,0.1,1,0.0050257978653686,0.34198582219224477
6.535907745361328,371.28826200552385,0.1,1,0.0053312063511412495,0.3684732569638681
6.55578351020813,373.3277732716041,0.1,1,0.005642850810096795,0.3963640991389848
6.578391075134277,375.52983535929786,0.1,1,0.005989629047321588,0.4284495143633068
6.600439548492432,377.75718767930925,0.1,1,0.006308852411933011,0.45915155776281735
6.62352991104126,381.6121348781547,0.2,1,0.007217536926567544,0.532231741421043
6.641667366027832,385.870456698608,0.2,1,0.007976900015839061,0.5953992619387708
6.659333944320679,390.19725762690393,0.2,1,0.008678959061610444,0.6552839743804626
6.680363655090332,394.93911429710494,0.2,1,0.009480533451352555,0.7251945411381338
6.698400259017944,399.50116525320726,0.2,1,0.01014991933544008,0.7851619738906195
6.717453956604004,404.1053881417787,0.2,1,0.01084260668023649,0.8484997793290335
6.7410242557525635,409.24001075984836,0.2,1,0.011663303049411912,0.9252205052847252
6.763593673706055,414.63142132864147,0.2,1,0.012461752368106963,1.0019988408782554
6.782549858093262,419.5115022397218,0.2,1,0.013070731082371782,1.0621300742689157
6.801561117172241,424.4022497634066,0.2,1,0.013736187998708576,1.1289796893978414
6.8226141929626465,429.42715612698765,0.2,1,0.014420673958465365,1.1992143726563247
6.843750953674316,434.51812773193353,0.2,1,0.015090470677149265,1.269492838635829
6.865813732147217,441.1948548537587,0.30000000000000004,1,0.016410966998458936,1.3805384445178197
6.885600328445435,448.43578135853465,0.30000000000000004,1,0.01764276433240325,1.4864171259450338
6.902649402618408,455.5477833555551,0.30000000000000004,1,0.018733804949129837,1.5818094485421326
6.921135663986206,462.80353777904463,0.30000000000000004,1,0.019872007708945746,1.682596211869449
6.9406516551971436,470.1320646054345,0.30000000000000004,1,0.020995441513459435,1.7834819058417253
6.960209131240845,477.499242986646,0.30000000000000004,1,0.02210498874268279,1.8844652073545904
6.979241371154785,484.8886474145085,0.30000000000000004,1,0.0232013507121547,1.9855448703149798
6.997281312942505,492.29234847664327,0.30000000000000004,1,0.024285131137077427,2.0867197098217174
7.019436359405518,500.11285183190915,0.30000000000000004,1,0.025469691924655,2.198648476145834
7.039885997772217,508.13774912739257,0.30000000000000004,1,0.02663838142999836,2.310690800633863
7.058946847915649,515.8578504709153,0.30000000000000004,1,0.027682907325847605,2.4121637434689265
7.078978538513184,523.6388683954644,0.30000000000000004,1,0.02877278218600612,2.5190726392832268
7.101592540740967,531.8608296952339,0.30000000000000004,1,0.029959192850605255,2.6367817238956945
7.120316028594971,539.6864853309448,0.30000000000000004,1,0.03097100873964034,2.738542273349065
7.141881227493286,547.9382700265396,0.30000000000000004,1,0.03213399724998565,2.856471643638181
7.1610167026519775,555.7854118994638,0.30000000000000004,1,0.03312662011131974,2.9584203096549473
7.179616689682007,563.2368822167896,0.30000000000000004,1,0.03406076955735183,3.0550845346067947
7.2010180950164795,571.3208461502337,0.30000000000000004,1,0.03519566063429914,3.17332314373101
7.218818664550781,578.8924445804143,0.30000000000000004,1,0.036113386591919885,3.270156663550831
7.2379374504089355,584.9982948756868,0.20000000000000004,1,0.0362607631600015,3.3349909167529357
7.25998067855835,590.7911692786722,0.20000000000000004,1,0.036444482489479305,3.410071313826485
7.278036832809448,595.9137971427086,0.20000000000000004,1,0.036603248041238205,3.4715101098086603
7.295567989349365,600.7150165207152,0.20000000000000004,1,0.03676964070424269,3.532957034135548
7.313886404037476,605.362285288528,0.20000000000000004,1,0.03694250361509142,3.5944124963146757
7.3314337730407715,609.9359964030369,0.20000000000000004,1,0.03712117520835932,3.6558768420039907
7.350001096725464,614.474750268026,0.20000000000000004,1,0.037305235932866575,3.7173503803449233
7.369596481323242,619.3877082881714,0.20000000000000004,1,0.0375259114298147,3.789080566813424
7.391648054122925,624.4807900386843,0.20000000000000004,1,0.037752042143305645,3.860824020218525
7.4126973152160645,629.6608496120004,0.20000000000000004,1,0.03798395587233983,3.93258107362233
7.431259632110596,634.4923458633955,0.20000000000000004,1,0.03818771182015384,3.994099080097452
7.450069904327393,639.2872363182205,0.20000000000000004,1,0.038408209832749195,4.059045851743536
7.470117092132568,644.3256699229238,0.20000000000000004,1,0.0386570349806313,4.1308424080989425
7.489164590835571,649.0905103738542,0.20000000000000004,1,0.03887425469754567,4.192395164410468
7.511213541030884,654.3763482726412,0.20000000000000004,1,0.0391574909119566,4.271060245331983
7.53177547454834,659.5217480796966,0.20000000000000004,1,0.039407418551648477,4.339480922826192
7.549823522567749,664.2089727495811,0.20000000000000004,1,0.03962382807071835,4.3976506914811155
7.566863059997559,668.8071368125145,0.20000000000000004,1,0.039857246462469,4.459253392695625
7.584393262863159,673.3630116689992,0.20000000000000004,1,0.04009403437609646,4.520868158040325
7.6034393310546875,678.0295666089726,0.20000000000000004,1,0.040347275429750994,4.585918884371459
7.6256422996521,683.0108547927075,0.20000000000000004,1,0.04063041876640928,4.657832324876571
7.64467978477478,688.0132945001743,0.20000000000000004,1,0.04090281931376509,4.726337571151441
7.666811943054199,694.7411703824505,0.30000000000000004,1,0.042280400392223375,4.839839735830667
7.689863920211792,702.9210695223837,0.30000000000000004,1,0.043819983099579816,4.969706369591788
7.710414409637451,711.1847078963708,0.30000000000000004,1,0.04513627996334289,5.083486130243976
7.733864784240723,720.1136044485344,0.30000000000000004,1,0.046617575480980736,5.21366313677282
7.757881164550781,729.1609350908195,0.30000000000000004,1,0.048010237225123646,5.338570213386248
7.777924537658691,737.6488532056962,0.30000000000000004,1,0.04920225815933806,5.447310958353712
7.8020501136779785,746.7022190682192,0.30000000000000004,1,0.05061732974457457,5.577929072589112
7.822112083435059,755.2020089666456,0.30000000000000004,1,0.05177651647630258,5.686905254939944
7.840670585632324,763.2321606829943,0.30000000000000004,1,0.052866957005472885,5.7905319721630475
7.85871696472168,770.8323509790282,0.30000000000000004,1,0.05389051610423101,5.888793133668727
7.8795859813690186,778.6458664892061,0.30000000000000004,1,0.0550181792036969,5.998064433482117
7.89715051651001,786.1487198248115,0.30000000000000004,1,0.056021135529406074,6.0965000025164295
7.919745683670044,794.5487362218597,0.30000000000000004,1,0.057292095591776566,6.22238259011882
7.944094181060791,803.5932569466257,0.30000000000000004,1,0.05859799431965152,6.353875512041375
7.965651750564575,812.3314551947831,0.30000000000000004,1,0.0597243951909826,6.469217221322336
7.983192443847656,821.9816764516238,0.4,1,0.061916178639175444,6.612341124549405
8.004236459732056,832.3881299350182,0.4,1,0.0641873574829138,6.763819199149003
8.023284673690796,842.9005920236829,0.4,1,0.066311961798399,6.908555859095816
8.042421579360962,853.4953110020773,0.4,1,0.06841034293801868,7.054115518583184
8.062464237213135,864.4547033627923,0.4,1,0.07059318572461948,7.208205868049568
8.083376169204712,876.2143968942237,0.4,1,0.07296405647662564,7.378698568357671
8.1030752658844,887.5072795023466,0.4,1,0.07498227407734792,7.526868209067341
8.1207914352417,898.3098969043248,0.4,1,0.07687796699557063,7.668054748488012
8.138357877731323,911.1335340550708,0.4,1,0.07875943183507426,7.810018838299865
8.160946369171143,927.1469945471556,0.4,1,0.08105662731143791,7.984610103135351
8.181979894638062,946.8917441063523,0.5,1,0.08476096046846665,8.197341852631126
8.201021432876587,968.0017947596423,0.5,1,0.08810706379310912,8.391742607776056
8.22353219985962,991.9952025758829,0.5,1,0.09218265191621797,8.629462888771396
8.242400884628296,1015.8581266267713,0.5,1,0.09556121012192421,8.828138110545062
8.260457515716553,1039.2433746574754,0.5,1,0.0988008676256844,9.018431683878141
8.284091472625732,1065.4935160469488,0.5,1,0.10317541811119113,9.274863710345935
8.307664155960083,1093.0994884374118,0.5,1,0.10738803483165853,9.523675488737712
8.331246852874756,1121.6696884832756,0.5,1,0.1116427167224118,9.775650519480047
8.349287033081055,1148.3301764712633,0.5,1,0.11501108241680477,9.975406298901012
8.37157654762268,1176.629187291278,0.5,1,0.11939359648304378,10.233595416902178
8.39271354675293,1204.9850157211945,0.5,1,0.12343191577394985,10.472344963112878
8.417287111282349,1235.1617377439288,0.5,1,0.1281094292388485,10.748592978891878
8.439621686935425,1266.0517262817384,0.5,1,0.13263535509124721,11.016881510126202
8.46257495880127,1297.5411953661542,0.5,1,0.13722005673764612,11.288769633095693
8.487130165100098,1330.1366761532418,0.5,1,0.14206860365376497,11.576320357892945
8.507203102111816,1361.2716860911587,0.5,1,0.1461601205285422,11.819294445982157
8.528767347335815,1392.8515251437339,0.5,1,0.15074309187535395,12.089993841947926
8.549744367599487,1424.2747716932627,0.5,1,0.15517610147820968,12.351805730123122
8.56784963607788,1453.9603939231865,0.5,1,0.15903137499097225,12.579123013007944
8.588893413543701,1484.5589800033572,0.5,1,0.16360762100455886,12.847479905549973
8.609940767288208,1515.866549066387,0.5,1,0.168234498976176,13.119219895402113
8.6299147605896,1547.1637248628222,0.5,1,0.1726933258251888,13.381814390518885
8.649940252304077,1578.6576976896822,0.5,1,0.17721280916278276,13.648669806563523
8.670504808425903,1611.12144266943,0.5,1,0.18202102111094437,13.93339916764236
8.68891954421997,1642.4218544514192,0.5,1,0.18619146613221027,14.181503228412485
8.7075674533844,1673.8742762338875,0.5,1,0.19066568436056147,14.447445892882033
8.727833032608032,1705.6155625135539,0.5,1,0.19519939363944427,14.717536687290835
8.74962854385376,1740.4824642158983,0.5,1,0.20075957690019847,15.049585407229053
8.768602848052979,1774.700011147624,0.5,1,0.20539095394379003,15.328649390983863
8.787116527557373,1808.0328832828654,0.5,1,0.20985145989259785,15.597323832863314
8.809852361679077,1844.6467545485502,0.5,1,0.21564521226936403,15.945994118972257
8.831952095031738,1882.7868527460914,0.5,1,0.22123694654870177,16.285380621015538
8.850998163223267,1919.8864949615095,0.5,1,0.22613264062823543,16.58371379464235
8.872033834457397,1958.1215505720747,0.5,1,0.2316446358837648,16.918976371142623
8.89307713508606,1997.3158777921308,0.5,1,0.2372362959404703,17.26007364699821
8.911779165267944,2035.796588717221,0.5,1,0.24237261556264936,17.574115758660106
8.93297004699707,2075.70264521035,0.5,1,0.24815305419895306,17.92705638779375
8.954023599624634,2117.5743315836557,0.5,1,0.25429600076200853,18.303300730416534
8.973069429397583,2157.6339143946543,0.5,1,0.259393770344664,18.616764802385514
8.992114782333374,2198.543807250576,0.5,1,0.2651754466644463,18.97089143783897
9.011160373687744,2238.5392711799523,0.5,1,0.2704604568519404,19.29512060855974
9.03289532661438,2277.0814843837416,0.4,1,0.2724858706674011,19.60036566831043
9.055554628372192,2316.355098273115,0.4,1,0.27491220007259715,19.939259212147704
9.075868368148804,2354.870357536858,0.4,1,0.2773023681528594,20.253028004691053
9.095454454421997,2391.6910164470037,0.4,1,0.27962070371617553,20.54078238133073
9.116036415100098,2429.133897508557,0.4,1,0.2823470723055108,20.862933011703298
9.13409423828125,2464.9314197692156,0.4,1,0.28481007855376456,21.142718667967806
9.155701160430908,2502.1571762707454,0.4,1,0.2878334233028972,21.47319578770638
9.176754236221313,2541.200835354971,0.4,1,0.29113754146606463,21.82383999089103
9.19565224647522,2579.171316128535,0.4,1,0.29410902588006516,22.129071419523388
9.217700958251953,2618.9210234571146,0.4,1,0.29769801224405357,22.48515557114525
9.236761093139648,2657.543970333383,0.4,1,0.30090770243162585,22.795189455898818
9.259933233261108,2698.7387307937915,0.4,1,0.3049411779466533,23.173384266679083
9.284092903137207,2742.4213470050163,0.4,1,0.30927545421086394,23.571406298802334
9.309658527374268,2788.566427883755,0.4,1,0.3139259325701925,23.989779867134903
9.33422327041626,2836.3803015566186,0.4,1,0.3187157602216207,24.412168417454684
9.352271318435669,2879.702996952439,0.4,1,0.32227069463802516,24.71929041945701
9.373006582260132,2922.913277019684,0.4,1,0.3265778500802831,25.0806052915935
9.39457082748413,2967.0349288971074,0.4,1,0.33121081353426796,25.462462041712005
9.418030023574829,3012.7036913537268,0.4,1,0.3361687788778247,25.865311172946342
9.438585758209229,3052.6031603068477,0.30000000000000004,1,0.3345913377832239,26.12760298449997
9.458632707595825,3089.096258933002,0.30000000000000004,1,0.3333547798769813,26.3910533636448
9.478679180145264,3124.227783618009,0.30000000000000004,1,0.3323707725026174,26.66882164187788
9.497705936431885,3157.963651675932,0.30000000000000004,1,0.33170947475993146,26.934444863362184
9.522245168685913,3192.8202512898806,0.30000000000000004,1,0.3312340401751048,27.24116198807953
9.545892238616943,3229.050825782252,0.30000000000000004,1,0.33103030382919263,27.562601790048788
9.567697286605835,3264.8950116284605,0.30000000000000004,1,0.33110107144676015,27.858631876841578
9.589287996292114,3299.930651489882,0.30000000000000004,1,0.3313915701011132,28.142558868359743
9.610405206680298,3334.5461744573413,0.30000000000000004,1,0.33188781262323563,28.427850196966553
9.62792158126831,3367.0242681397494,0.30000000000000004,1,0.33247745290987757,28.673574722966464
9.65019941329956,3401.541642579985,0.30000000000000004,1,0.33342066253371444,28.989010404457456
9.673763751983643,3437.3591418954898,0.30000000000000004,1,0.33454521902402595,29.306052725608176
9.693817138671875,3471.396329018977,0.30000000000000004,1,0.33562242219437755,29.56936187250722
9.713637828826904,3500.9097053960722,0.20000000000000004,1,0.32947464173749375,29.760150104607856
9.734471082687378,3527.7054685918624,0.20000000000000004,1,0.3238416692353427,29.95086852072324
9.757132291793823,3553.7149814273776,0.20000000000000004,1,0.3181876805037844,30.159306078468937
9.779462575912476,3578.79980358017,0.20000000000000004,1,0.3132703922493374,30.35823807010243
9.801701545715332,3603.3128021275143,0.20000000000000004,1,0.30879117175765536,30.5568131008387
9.823935985565186,3627.468069193166,0.20000000000000004,1,0.30471851864613575,30.755080947721346
9.84652304649353,3651.8252477195538,0.20000000000000004,1,0.30085604692407775,30.962090665072562
9.868574619293213,3675.4353672321377,0.20000000000000004,1,0.29767800103800934,31.150879911748135
9.890614748001099,3699.4467145244225,0.20000000000000004,1,0.2945282788753479,31.357496288233108
9.913658618927002,3723.6917991930745,0.20000000000000004,1,0.2917094955165273,31.563965775154085
9.93471074104309,3747.21736605087,0.20000000000000004,1,0.28941814587150017,31.75239203482164
9.955079555511475,3769.8823780707485,0.20000000000000004,1,0.28747017999667657,31.931818422024744
9.978638410568237,3793.7413060609906,0.20000000000000004,1,0.2853847748920766,32.14713668670851
10.000755310058594,3817.46147317519,0.20000000000000004,1,0.2837187689743441,32.34450930600533
10.022793292999268,3841.1009837011443,0.20000000000000004,1,0.28227007014635025,32.54193648849198
10.045982360839844,3865.1238268452244,0.20000000000000004,1,0.28096733024627807,32.74842403490441
10.070238590240479,3889.80996426585,0.20000000000000004,1,0.2798203509622276,32.9640048546605
10.092862844467163,3914.4727466258355,0.20000000000000004,1,0.2789171047481889,33.170743462410385
10.114581108093262,3938.701216098036,0.20000000000000004,1,0.2782243610652522,33.36866151134643
10.13381814956665,3961.3909891536937,0.20000000000000004,1,0.2777602675234532,33.53975672706232
10.156567335128784,3984.8842116080823,0.20000000000000004,1,0.2773378475730164,33.74708838199643
10.179276466369629,4008.8703817623255,0.20000000000000004,1,0.2770557311031154,33.95464832769278
10.200215578079224,4031.8728543723983,0.20000000000000004,1,0.2769260253790363,34.1353569516173
10.221251249313354,4055.1583625095727,0.20000000000000004,1,0.2768960122792367,34.3343919887289
10.244359970092773,4079.0582660074006,0.20000000000000004,1,0.2769811552036079,34.54275701130823
10.263670921325684,4101.612164123201,0.20000000000000004,1,0.27714508806920846,34.71513794816006
10.286902666091919,4119.778152679324,0.10000000000000003,1,0.2677253194835588,34.81238133153872
10.309146165847778,4135.083468760409,0.10000000000000003,1,0.25937791781742114,34.904841365120944
10.331947088241577,4148.847771770002,0.10000000000000003,1,0.2512632675226866,35.00098220290231
10.356464385986328,4162.059063291308,0.10000000000000003,1,0.24308698815732221,35.10492149098028
10.375524997711182,4173.532139487125,0.10000000000000003,1,0.23766604586257759,35.17934540270507
10.395909547805786,4184.538855462917,0.10000000000000003,1,0.2317079143945274,35.26586939140975
10.41817307472229,4195.640416977255,0.10000000000000003,1,0.22561949165080014,35.3602561601974
10.44094181060791,4206.585645634528,0.10000000000000003,1,0.22022274008826442,35.45016779642295
10.462721824645996,4217.615692752744,0.10000000000000003,1,0.21497895077813245,35.543827975775855
10.485848188400269,4228.487660231387,0.10000000000000003,1,0.21033420182294763,35.633102623023724
10.50994324684143,4239.637361178034,0.10000000000000003,1,0.20562846311580946,35.73019638996199
10.531893968582153,4250.5550024558415,0.10000000000000003,1,0.20165067823603175,35.818922905332016
10.550950288772583,4260.747607015354,0.10000000000000003,1,0.19846338849566308,35.895355598983336
10.571068525314331,4270.689387073116,0.10000000000000003,1,0.19532055169178347,35.97565392602586
10.594190120697021,4281.0460345117135,0.10000000000000003,1,0.19194666451789769,36.0678171382873
10.61877155303955,4292.023314287633,0.10000000000000003,1,0.18855906876779976,36.16778122590623
10.640398025512695,4302.602373899988,0.10000000000000003,1,0.18595061779428967,36.251573243107366
10.658439874649048,4312.556824907115,0.10000000000000003,1,0.18375994693357972,36.32727131903644
10.681178569793701,4322.701033531076,0.10000000000000003,1,0.18139049045118186,36.4148166663026
10.704219102859497,4333.142815203979,0.10000000000000003,1,0.17910082219794668,36.50621759344204
10.722325563430786,4342.811992401641,0.10000000000000003,1,0.17745188221140665,36.577657391560166
10.740005254745483,4352.014941054199,0.10000000000000003,1,0.17590988677506572,36.649041243014274
10.761168718338013,4361.502160940035,0.10000000000000003,1,0.17422791618091366,36.732261570016256
10.781010150909424,4370.967919961358,0.10000000000000003,1,0.17274647422684977,36.81145202289074
10.803996801376343,4375.94327702747,2.7755575615628914e-17,1,0.16082696750519715,36.796675570182195
10.822046756744385,4378.377535375505,2.7755575615628914e-17,1,0.1521423112599165,36.78511301828081
10.842431545257568,4379.225984613479,2.7755575615628914e-17,1,0.14301377258432152,36.77226715375324
10.859454870223999,4379.184226374776,2.7755575615628914e-17,1,0.13529102886476815,36.76070729041589
10.87851095199585,4378.608404293564,2.7755575615628914e-17,1,0.12798531330607069,36.74914869976404
10.898534059524536,4377.651014911244,2.7755575615628914e-17,1,0.12030619450770645,36.73630723475677
10.916574239730835,4376.495351018416,2.7755575615628914e-17,1,0.11344874142076719,36.72410933436274
10.937126398086548,4375.190202383367,2.7755575615628914e-17,1,0.10664181693552116,36.71127092988357
10.954658508300781,4373.856605194305,2.7755575615628914e-17,1,0.10088315882100302,36.69971777742312
10.977789163589478,4372.35309729717,2.7755575615628914e-17,1,0.09392222086235381,36.68495703851487
10.99980616569519,4370.778317844284,2.7755575615628914e-17,1,0.08772335428543847,36.67084005307464
11.020710706710815,4369.222009793415,2.7755575615628914e-17,1,0.08245995302831216,36.65800815268886
11.041351318359375,4367.64629088288,2.7755575615628914e-17,1,0.07726497598752849,36.64453630089423
11.063420295715332,4366.0284432755,2.7755575615628914e-17,1,0.07216548757235161,36.63042473944999
11.086519718170166,4364.354848336238,2.7755575615628914e-17,1,0.06718606892985936,36.61567372160405
11.106569290161133,4362.73957147659,2.7755575615628914e-17,1,0.0631549047940678,36.60284854698687
11.129138469696045,4361.037150810358,2.7755575615628914e-17,1,0.05860775164889492,36.587460212049
11.15009880065918,4359.40474223149,2.7755575615628914e-17,1,0.055091286549961226,36.57463847325292
11.17067551612854,4357.783871174189,2.7755575615628914e-17,1,0.05162053549731367,36.561177286091315
11.19251799583435,4356.13946438349,2.7755575615628914e-17,1,0.048213580154490975,36.54707689158216
11.21103286743164,4354.603170452418,2.7755575615628914e-17,1,0.04561004682614846,36.535541748584926
11.23356819152832,4352.979140571021,2.7755575615628914e-17,1,0.04246295359514422,36.52080401199276
11.257122278213501,4351.302567270144,2.7755575615628914e-17,1,0.03953300979707927,36.50606833522561
11.275658369064331,4349.7471871616435,2.7755575615628914e-17,1,0.037398227268036995,36.49453767761275
11.294707775115967,4348.203541234729,2.7755575615628914e-17,1,0.035154333631954776,36.48172723613101
11.314377069473267,4346.667009922638,2.7755575615628914e-17,1,0.033045073614037496,36.46891834986085
11.332962036132812,4345.195848418809,2.7755575615628914e-17,1,0.03126063963887947,36.457391751246895
11.351107120513916,4343.763968770045,2.7755575615628914e-17,1,0.02957256509837998,36.44586641118642
11.36881160736084,4342.355718178922,2.7755575615628914e-17,1,0.027975646583067462,36.43434232914422
11.386825323104858,4340.961704941494,2.7755575615628914e-17,1,0.026464961667581822,36.42281950458529
11.408422708511353,4339.454293345655,2.7755575615628914e-17,1,0.024718274197521425,36.40873758861691
11.427772283554077,4337.970420467548,2.7755575615628914e-17,1,0.023309332568262706,36.396577554788884
11.445480585098267,4336.531230081913,2.7755575615628914e-17,1,0.022050628609576524,36.38505884825471
11.46467638015747,4335.118909001918,2.7755575615628914e-17,1,0.020859894664659394,36.373541396917254
11.48371958732605,4333.661797394025,2.7755575615628914e-17,1,0.019608300984779833,36.36074562283419
11.507974863052368,4332.055956208113,2.7755575615628914e-17,1,0.01819650331387569,36.34539255187052
11.529701232910156,4330.42193912812,2.7755575615628914e-17,1,0.016995534095159897,36.331320946178614
11.551752805709839,4328.801579467297,2.7755575615628914e-17,1,0.015924815447164824,36.31789074529962
11.570797204971313,4327.219965382414,2.7755575615628914e-17,1,0.014969326520334938,36.305101700940256
11.588855266571045,4325.722604733489,2.7755575615628914e-17,1,0.014160982888236855,36.2935929516049
11.606892585754395,4324.275855754386,2.7755575615628914e-17,1,0.013396289812272066,36.28208545322892
11.629266738891602,4322.737694914074,2.7755575615628914e-17,1,0.012512134684662113,36.2680222612911
11.64739203453064,4321.236142625343,2.7755575615628914e-17,1,0.011798943007636375,36.2558783898062
11.668037176132202,4319.726169714386,2.7755575615628914e-17,1,0.011091006427178194,36.24309683234045
11.687080383300781,4318.241666289416,2.7755575615628914e-17,1,0.010458819060829039,36.2309558172265
11.710248947143555,4316.620286235452,2.7755575615628914e-17,1,0.00970578408844935,36.21562155469341
11.729936599731445,4315.069088445943,2.7755575615628914e-17,1,0.00915255439540774,36.203483685879235
11.751820087432861,4313.468755121508,2.7755575615628914e-17,1,0.008548485805310832,36.189430920003446
11.773702144622803,4311.839029183027,2.7755575615628914e-17,1,0.00798428574216032,36.1753800157617
11.796373844146729,4310.161327369433,2.7755575615628914e-17,1,0.007433370025951261,36.160692379294915
11.815275192260742,4308.607060665572,2.7755575615628914e-17,1,0.0070319680445498954,36.1491992979951
11.833965301513672,4307.096492855322,2.7755575615628914e-17,1,0.006631145866010554,36.13706902559234
11.855887413024902,4305.520956452197,2.7755575615628914e-17,1,0.00619349023885386,36.12302505160599
11.874422788619995,4303.997769276866,2.7755575615628914e-17,1,0.005840461295239192,36.11089776880243
11.893471002578735,4302.506057606498,2.7755575615628914e-17,1,0.005507555001410561,36.09877187043227
11.913518190383911,4301.002890155265,2.7755575615628914e-17,1,0.0051771017013259295,36.08600922352743
11.934251546859741,4299.492922264166,2.7755575615628914e-17,1,0.004866475599246376,36.073248109227286
11.95741891860962,4297.857348217953,2.7755575615628914e-17,1,0.0045160893561006395,36.05793661032168
11.97746729850769,4296.298492256119,2.7755575615628914e-17,1,0.004258672262802905,36.045816752474316
11.99850845336914,4294.724949193476,2.7755575615628914e-17,1,0.0039903759102463245,36.03242264658733
12.017549991607666,4293.203450333218,2.7755575615628914e-17,1,0.0037629244833622864,36.02030569558904
12.035612106323242,4291.713243741138,2.7755575615628914e-17,1,0.0035484377878106385,36.00819012437486
12.054800033569336,4290.241878227118,2.7755575615628914e-17,1,0.0033461768339054345,35.9960759323237
12.07384967803955,4288.781883047501,2.7755575615628914e-17,1,0.003155444754372827,35.983963118814664
12.092894077301025,4287.328775726519,2.7755575615628914e-17,1,0.0029755844033735783,35.97185168322711
12.111948251724243,4289.528783208296,0.10000000000000003,1,0.011800186885620567,36.03631905442917
12.13050127029419,4293.946490565795,0.10000000000000003,1,0.020090307392857602,36.10132852385381
12.152549743652344,4300.048264623289,0.10000000000000003,1,0.02870515235750477,36.17375555017782
12.171597003936768,4307.023567052284,0.10000000000000003,1,0.03637143272789374,36.243309301044285
12.1926429271698,4314.714694112942,0.10000000000000003,1,0.04392212376664525,36.31688629444224
12.215688228607178,4323.197468334274,0.10000000000000003,1,0.051655737349269225,36.39806354363737
12.235759973526001,4331.675990566023,0.10000000000000003,1,0.05790408320249791,36.46918328956563
12.254324197769165,4340.002287470066,0.10000000000000003,1,0.0634779724872723,36.537161922079115
12.276867628097534,4348.769308161518,0.10000000000000003,1,0.06955973342548889,36.61630652942093
12.296898365020752,4357.478278428958,0.10000000000000003,1,0.07471797141910161,36.68868336079951
12.315444707870483,4365.996659191669,0.10000000000000003,1,0.07932243716813778,36.757791374395524
12.338003396987915,4374.9380566054,0.10000000000000003,1,0.08434982951812722,36.83817682907368
12.360357284545898,4384.327143948718,0.10000000000000003,1,0.08925699428710568,36.922631115560534
12.38421368598938,4394.004307454696,0.10000000000000003,1,0.09382518080269125,37.00749384264627
12.407902240753174,4404.049284503764,0.10000000000000003,1,0.0982650449940109,37.09644823272517
12.426459074020386,4413.269362543362,0.10000000000000003,1,0.10135768223375942,37.16345956764618
12.443995237350464,4422.182750872171,0.10000000000000003,1,0.10445274499059641,37.23442157611602
12.466560363769531,4431.458500991046,0.10000000000000003,1,0.10783902692024565,37.316850013241655
12.489699840545654,4441.1443190418595,0.10000000000000003,1,0.1111516151771866,37.40332148825314
12.507821559906006,4450.191369093874,0.10000000000000003,1,0.11357089882153105,37.47122405903448
12.526448249816895,4459.043778813812,0.10000000000000003,1,0.11599550867070375,37.54308508452126
12.547498226165771,4467.968909835188,0.10000000000000003,1,0.11841081267520527,37.61892313833377
12.565529346466064,4476.765784627196,0.10000000000000003,1,0.12057582484823015,37.69115386961414
12.585856437683105,4485.675331496983,0.10000000000000003,1,0.12273432824771767,37.76736415418676
12.604650497436523,4494.47895606866,0.10000000000000003,1,0.12467096024464698,37.8399327713443
12.623471975326538,4503.226419998654,0.10000000000000003,1,0.12650706782342297,37.912656535054694
12.644851922988892,4512.311510572135,0.10000000000000003,1,0.12843196711212818,37.99317301294492
12.664396524429321,4521.237915179967,0.10000000000000003,1,0.13007408739030277,38.06610792191019
12.688630819320679,4530.987911617485,0.10000000000000003,1,0.13204439951513136,38.158325158673364
12.707379341125488,4540.3207233456515,0.10000000000000003,1,0.13350313996215518,38.23141670138335
12.725821495056152,4549.405981862901,0.10000000000000003,1,0.13489172075522518,38.30456611635411
12.744357824325562,4558.345285699598,0.10000000000000003,1,0.13621386489303952,38.377769618305464
12.76302433013916,4567.015699750329,0.10000000000000003,1,0.1374070185623195,38.4471679391228
12.785783290863037,4576.445847408103,0.10000000000000003,1,0.13886464981948426,38.53589610228869
12.803834199905396,4585.41522757462,0.10000000000000003,1,0.1399388023284535,38.60538801850508
12.826403379440308,4595.02997882737,0.10000000000000003,1,0.14125402826075176,38.69422581278788
12.848928928375244,4604.850441526083,0.10000000000000003,1,0.14244128263114178,38.7792543497974
12.869889259338379,4614.61216674313,0.10000000000000003,1,0.14351630750969593,38.86045992243769
12.888931035995483,4623.787297861905,0.10000000000000003,1,0.1443943104728226,38.93009463850862
12.906974792480469,4632.795874139885,0.10000000000000003,1,0.14528627094087831,39.00362025739992
12.925504207611084,4641.705616640268,0.10000000000000003,1,0.14614210055308677,39.07716894295011
12.94424033164978,4650.557061516818,0.10000000000000003,1,0.14696380456042446,39.15073867030912
12.964396238327026,4659.558988050716,0.10000000000000003,1,0.1477949131008883,39.22820053057141
12.98344373703003,4668.46754213851,0.10000000000000003,1,0.14855200659647,39.301808007986594
13.002489805221558,4677.136141968524,0.10000000000000003,1,0.1492389922279359,39.37155544989023
13.022048950195312,4686.215289072655,0.10000000000000003,1,0.14999293874461095,39.452940237719474
13.041093826293945,4695.172058698889,0.10000000000000003,1,0.15062778125106435,39.52658723654699
13.060136795043945,4703.871020938424,0.10000000000000003,1,0.15119148833538726,39.59636475370129
13.079185485839844,4712.600195312582,0.10000000000000003,1,0.15175113976503643,39.67002257448903
13.102367162704468,4722.086570532343,0.10000000000000003,1,0.15238604229245936,39.759190850073786
13.121432065963745,4731.288505636401,0.10000000000000003,1,0.15287055028001684,39.83285523836625
13.144036769866943,4741.058575643621,0.10000000000000003,1,0.15342016900164132,39.92202431876733
13.167199611663818,4751.169387368371,0.10000000000000003,1,0.1539278393350413,40.01119047735745
13.18687391281128,4760.930160544092,0.10000000000000003,1,0.1543355821265913,40.088720050761076
13.208493709564209,4770.665113133768,0.10000000000000003,1,0.1547352950646471,40.1701153627845
13.230938196182251,4780.753337871569,0.10000000000000003,1,0.1551425204390501,40.259249694813995
13.252903461456299,4790.868193416336,0.10000000000000003,1,0.15550221898422972,40.344494574940605
13.276498317718506,4801.367410629063,0.10000000000000003,1,0.15586587207990835,40.43747047264372
13.295613050460815,4811.173482234746,0.10000000000000003,1,0.15613072319066357,40.511059967079866
13.3168363571167,4820.931814012186,0.10000000000000003,1,0.15640492738853873,40.592375533705855
13.337461233139038,4830.476060484167,0.10000000000000003,1,0.15664776800686162,40.669799362457425
13.357167720794678,4839.890877992781,0.10000000000000003,1,0.15687438800882741,40.747202671176034
13.378178119659424,4849.411388746413,0.10000000000000003,1,0.15709642943824198,40.82845383981816
13.40085244178772,4859.36281512741,0.10000000000000003,1,0.15732252339478428,40.91741748452666
13.420896768569946,4869.018701680319,0.10000000000000003,1,0.15750397006044298,40.99475282054036
13.439942598342896,4878.311886374493,0.10000000000000003,1,0.15766479380176257,41.06819775019267
13.462066173553467,4887.938730532576,0.10000000000000003,1,0.15783914887773873,41.15321204575157
13.485771417617798,4897.948458955787,0.10000000000000003,1,0.15800795616693492,41.242060307510876
13.509939908981323,4908.554372645578,0.10000000000000003,1,0.15817725070160485,41.33859911517305
13.530861616134644,4918.780435245416,0.10000000000000003,1,0.1583074885563707,41.419659185018745
13.54955792427063,4928.225496915588,0.10000000000000003,1,0.15841123372810031,41.48911191003704
13.570599794387817,4937.935897388037,0.10000000000000003,1,0.15853035532003418,41.57396734164627
13.591092109680176,4162.98093741047,0.10000000000000003,2,0.15863060974278487,41.615322653945306
13.609157800674438,3699.1304279351634,0.10000000000000003,2,0.15772431916227117,41.654242043244494
13.628716230392456,3421.843148824517,0.10000000000000003,2,0.1560558816912285,41.689713542054804
13.647754907608032,3256.5720944336167,0.10000000000000003,2,0.15373174898162237,41.72789947624189
13.67069935798645,3158.6372677660893,0.10000000000000003,2,0.15082837742815053,41.77047131062248
13.689586639404297,3100.870184493753,0.10000000000000003,2,0.14840403960375168,41.80492987492837
13.707990407943726,3067.13935397366,0.10000000000000003,2,0.1461312611210118,41.83715572467473
13.729597330093384,3048.0271973246927,0.10000000000000003,2,0.14342709608230256,41.87620947748689
13.748518943786621,3037.47564363093,0.10000000000000003,2,0.1413252375334765,41.907961028829746
13.769183874130249,3032.259313684559,0.10000000000000003,2,0.1388711453127119,41.946607740532336
13.789240837097168,3030.139190850041,0.10000000000000003,2,0.1367766671821003,41.981616303536676
13.807278633117676,3029.7230926882103,0.10000000000000003,2,0.13509947196952812,42.01129562572121
13.828474283218384,3030.5790917356408,0.10000000000000003,2,0.133038737360708,42.04963220997045
13.851448774337769,3032.2462231866684,0.10000000000000003,2,0.1310285487341252,42.08962873673195
13.871017932891846,3034.197634982403,0.10000000000000003,2,0.12948579693245058,42.12260746012143
13.891058683395386,3036.368346798495,0.10000000000000003,2,0.12795842710846733,42.15727586636843
13.910795211791992,3038.6693590075392,0.10000000000000003,2,0.1265271649382305,42.191899904253646
13.929723978042603,3040.997520661994,0.10000000000000003,2,0.1252535446554975,42.22475454663673
13.952415466308594,3043.5403194205105,0.10000000000000003,2,0.12380518135171999,42.26448650877295
13.974457263946533,3046.160808141878,0.10000000000000003,2,0.12252113633388088,42.30244694269168
13.993510723114014,3048.677698313297,0.10000000000000003,2,0.12149050011361838,42.33519904319197
14.01264476776123,3051.1317532226803,0.10000000000000003,2,0.12052352888041726,42.36792770010009
14.031891584396362,3053.54748033499,0.10000000000000003,2,0.11961647093196008,42.40063462946433
14.055447340011597,3056.138101258933,0.10000000000000003,2,0.11858675533399018,42.44020303481658
14.073986291885376,3058.6345005916355,0.10000000000000003,2,0.11779987731212735,42.47286601990291
14.093031644821167,3061.073918829802,0.10000000000000003,2,0.11706273001506375,42.50551346659516
14.11308765411377,3063.5282727779527,0.10000000000000003,2,0.11633603256146695,42.53986420717879
14.134140253067017,3066.0406753356806,0.10000000000000003,2,0.1156240835792949,42.57591695239999
14.152189016342163,3068.4884912111647,0.10000000000000003,2,0.11502543030650254,42.608522642362345
14.171236753463745,3070.847798691163,0.10000000000000003,2,0.11449514433367951,42.63940312436264
14.190284967422485,3073.203258974083,0.10000000000000003,2,0.11397023509038764,42.67199152819414
14.211328029632568,3075.655098234167,0.10000000000000003,2,0.11342822931907724,42.708001726110844
14.229381084442139,3078.065617142646,0.10000000000000003,2,0.1129735290684389,42.74057416497551
14.251426219940186,3080.5995022609804,0.10000000000000003,2,0.11248249891785615,42.778283715014595
14.270472526550293,3083.009494812046,0.10000000000000003,2,0.11211195391190654,42.80913103307763
14.287511348724365,3085.3450948618233,0.10000000000000003,2,0.11176588026534418,42.83997637612898
14.305551052093506,3087.6360123133227,0.10000000000000003,2,0.11144281879235977,42.870820086163995
14.326131105422974,3089.9989225104446,0.10000000000000003,2,0.11110795803300559,42.90508957800852
14.350703477859497,3092.602639491991,0.10000000000000003,2,0.11073606810905498,42.946210859813604
14.368376016616821,3095.1036939253627,0.10000000000000003,2,0.11046794138516033,42.97876280313427
14.387400388717651,3097.4937828337693,0.10000000000000003,2,0.1102330359608292,43.00960300517948
14.406448125839233,3099.866772243935,0.10000000000000003,2,0.1100031407609428,43.042158825669254
14.426482915878296,3102.2789833309043,0.10000000000000003,2,0.10977982110390233,43.076430318659305
14.447037935256958,3104.7642219771733,0.10000000000000003,2,0.10956461497835124,43.1124179410533
14.466076374053955,3107.1945085351,0.10000000000000003,2,0.10938702828982061,43.14498094945079
14.4891357421875,3111.3807932756054,0.20000000000000004,2,0.11627316956930442,43.23957306714554
14.508183240890503,3116.1606204986483,0.20000000000000004,2,0.1216018512680592,43.31821360409985
14.527742624282837,3121.4282252630655,0.20000000000000004,2,0.12692455497152866,43.401418925309905
14.549763441085815,3127.2421538377575,0.20000000000000004,2,0.13246692537687393,43.49341932997427
14.57395625114441,3133.64077607101,0.20000000000000004,2,0.13815942179825674,43.59432723128549
14.597615480422974,3140.284562691343,0.20000000000000004,2,0.1432683184104879,43.69157185729474
14.62124752998352,3147.2123941695736,0.20000000000000004,2,0.14827927481811287,43.793564832956946
14.644832611083984,3154.325542891761,0.20000000000000004,2,0.15297804241423396,43.89607410243626
14.667621850967407,3161.4403288534295,0.20000000000000004,2,0.15720319061252344,43.99478482650381
14.688667297363281,3168.3200035003447,0.20000000000000004,2,0.16083578089475623,44.08530945244548
14.708710193634033,3174.943949240021,0.20000000000000004,2,0.1641140732899436,44.17185838772849
14.732336044311523,3181.92432605762,0.20000000000000004,2,0.16785354791772308,44.2760860398542
14.752386093139648,3188.5017011266027,0.20000000000000004,2,0.1706357599785173,44.35892523216364
14.774527788162231,3195.3493010711604,0.20000000000000004,2,0.17384979620728744,44.45951794860675
14.793086767196655,3201.862836810298,0.20000000000000004,2,0.1763547572143934,44.54290590486602
14.813133716583252,3208.182857727488,0.20000000000000004,2,0.1787473257202706,44.626533927286516
14.835831880569458,3214.902575794147,0.20000000000000004,2,0.18151395965000353,44.728046542231915
14.859506845474243,3221.9988180506516,0.20000000000000004,2,0.18424126878112718,44.834299174001664
14.88029408454895,3230.299926261906,0.30000000000000004,2,0.19283734618283468,44.97449508323209
14.898986101150513,3239.1510900436206,0.30000000000000004,2,0.20058027852288227,45.10869726228217
14.917071104049683,3248.1543149877057,0.30000000000000004,2,0.20756224407915821,45.236728594821585
14.935731887817383,3257.272537176018,0.30000000000000004,2,0.21423117284572332,45.36558377908556
14.957489252090454,3267.5214293758017,0.30000000000000004,2,0.22237386233985718,45.53125040709598
14.978130578994751,3277.8561991639745,0.30000000000000004,2,0.22904564238518849,45.6763723789569
14.99915075302124,3288.479383354529,0.30000000000000004,2,0.23571218557749024,45.82970798600137
15.022194385528564,3299.7272347323005,0.30000000000000004,2,0.24264433483807185,45.998702606319135
15.046269416809082,3311.594995012966,0.30000000000000004,2,0.24947790468839445,46.17619590037129
15.067332983016968,3323.438639646386,0.30000000000000004,2,0.25538542478395027,46.33995653366059
15.089379072189331,3335.295262036315,0.30000000000000004,2,0.2609954394836983,46.50466884444327
15.11341905593872,2877.911072253022,0.30000000000000004,3,0.26656900004939943,46.61192168117931
15.135785102844238,2605.3699316762786,0.30000000000000004,3,0.2684803146990449,46.712370994774666
15.154422044754028,2443.340923013918,0.30000000000000004,3,0.2684518484749128,46.79188921191345
15.176495790481567,2347.792699573589,0.30000000000000004,3,0.2673208208558002,46.88063195130001
15.196999311447144,2291.9301127646345,0.30000000000000004,3,0.2657708065503921,46.95859091039467
15.215527772903442,2259.704452449764,0.30000000000000004,3,0.26414921768014077,47.02727487139447
15.237609148025513,2241.9983191542965,0.30000000000000004,3,0.2619603669741688,47.11389530786413
15.262666463851929,2233.1307871389654,0.30000000000000004,3,0.2596087550560107,47.20726164154822
15.28371548652649,2229.2776104212408,0.30000000000000004,3,0.25772409098814253,47.28527351278922
15.301761627197266,2228.219561235045,0.30000000000000004,3,0.25618903485952255,47.35193533119321
15.320813655853271,2228.905934905062,0.30000000000000004,3,0.25464999284297063,47.4221776455101
15.34039568901062,2230.637487815502,0.30000000000000004,3,0.25320270033213615,47.49234156884316
15.361443042755127,2233.2035196995394,0.30000000000000004,3,0.25163416402749983,47.57353048009758
15.383467674255371,2236.26951729986,0.30000000000000004,3,0.2501865708097023,47.65468102358056
15.402080297470093,2239.357728516211,0.30000000000000004,3,0.2490973758192096,47.721064032542756
15.420750379562378,2242.5288053618833,0.30000000000000004,3,0.24802785985155826,47.791144029348175
15.44191026687622,2245.888595291807,0.30000000000000004,3,0.2469336913396551,47.86861368413062
15.461585760116577,2249.223097730449,0.30000000000000004,3,0.24602579492626273,47.938719113400126
15.480984926223755,2252.612316077361,0.30000000000000004,3,0.24514516691953772,48.012540188560585
15.499687671661377,2255.9654431266367,0.30000000000000004,3,0.2443786366125262,48.082697058581616
15.519702434539795,2259.3670164783457,0.30000000000000004,3,0.24363844800764187,48.15658088160633
15.54387378692627,2263.076424297454,0.30000000000000004,3,0.242828706341697,48.24528545093678
15.562954902648926,2266.6236220745736,0.30000000000000004,3,0.2422555638592442,48.31554636804052
15.583641052246094,2270.213608997203,0.30000000000000004,3,0.24168118440715505,48.39325656622167
15.605731725692749,2273.8999205737427,0.30000000000000004,3,0.24114173347907528,48.47472296293463
15.627246379852295,2277.5754549936373,0.30000000000000004,3,0.24068467575521138,48.55254370358128
15.650203704833984,2281.3852197589185,0.30000000000000004,3,0.24024171150011378,48.637844639328
15.668573141098022,2285.5263371086517,0.4,3,0.24390134986470668,48.736480225311254
15.687994241714478,2289.873849683973,0.4,3,0.24740677661211222,48.8355190005122
15.706575155258179,2294.254269138957,0.4,3,0.2505902708780011,48.92972343101174
15.723886728286743,2298.7599709242304,0.4,3,0.25382189896057117,49.029538843754096
15.744110584259033,2303.3480860903,0.4,3,0.25692315660138615,49.129739385832586
15.766663551330566,2308.39104874555,0.4,3,0.26052803216825454,49.25149315813049
15.789206743240356,2313.6167163331147,0.4,3,0.26380758805680327,49.368451220740866
15.811309099197388,2318.961004794928,0.4,3,0.2669389463090737,49.48588766122114
15.831321239471436,2324.1837089839196,0.4,3,0.26965954995732183,49.593076106741364
15.85088062286377,2329.2396781003126,0.4,3,0.2721441178871648,49.69527846000589
15.870452642440796,2334.303728360057,0.4,3,0.27466538310877103,49.80322917411501
15.891526937484741,2339.481500989203,0.4,3,0.27721183901826274,49.91696820269028
15.911869764328003,2344.7349729712164,0.4,3,0.27965680347753313,50.03110416059115
15.931445360183716,2350.5209546051246,0.5,3,0.2861873188260446,50.1711364622002
15.951466083526611,2356.5109436323996,0.5,3,0.292114008893885,50.30502824365957
15.973668575286865,2363.0387286249957,0.5,3,0.29869271744872505,50.461004487803514
15.993723392486572,2369.6403098488386,0.5,3,0.3043854255222053,50.60374885201278
16.011384963989258,2376.1673917791118,0.5,3,0.3095653212062098,50.740178386108816
16.031935214996338,2382.800126551099,0.5,3,0.3148040624039361,50.88460146876676
16.052966594696045,2389.648364903579,0.5,3,0.32007771922005246,51.037111642279044
16.0739266872406,2396.6424789205976,0.5,3,0.325124258195113,51.19050295364605
16.096588373184204,2403.8785716248694,0.5,3,0.3301877926708138,51.35210583806276
16.120484352111816,2412.289719524293,0.6,3,0.3407840424615043,51.56846208029211
16.139551162719727,2420.7607224358726,0.6,3,0.3491452975077614,51.75051716138
16.16160297393799,2429.468406444406,0.6,3,0.35755840040228587,51.94324616110034
16.180432319641113,2438.174062471651,0.6,3,0.3652214846138672,52.128317393232756
16.19904065132141,2446.7300480032063,0.6,3,0.37220726852777397,52.30549602255668
16.222143411636353,2455.750260672237,0.6,3,0.3799931047928445,52.51212985623093
16.24539303779602,2465.257515453502,0.6,3,0.38777212234451963,52.72984898869392
16.269811868667603,2475.2689724238344,0.6,3,0.3955195643407686,52.958837961988145
16.293565034866333,2485.798445375679,0.6,3,0.40321338963643705,53.199283798554845
16.31113576889038,2495.398812840548,0.6,3,0.40848943278285954,53.37380903661672
16.335546255111694,2506.1386008739873,0.7,3,0.42037046778247555,53.63854980787918
16.353102684020996,2516.7363160247073,0.7,3,0.42971623275191223,53.85939055565113
16.372124910354614,2527.059351970798,0.7,3,0.4382470588297713,54.07015988794246
16.390326976776123,2537.466396324953,0.7,3,0.446948520985507,54.29415762224105
16.40859627723694,2547.7296663325506,0.7,3,0.4548967224445406,54.507831728779045
16.427064895629883,2557.932343540435,0.7,3,0.4625841483329938,54.72287068763282
16.44381809234619,2568.123691529051,0.7,3,0.4700222761648815,54.939240188626634
16.467782974243164,2579.242496795628,0.7,3,0.47882277120540845,55.205279733478775
16.488834381103516,2590.952446798136,0.7,3,0.48726427178940046,55.47316254286534
16.507882356643677,2602.759765263463,0.7999999999999999,3,0.4982833046522249,55.72736491408098
16.526928901672363,2615.20085006551,0.7999999999999999,3,0.5101148110012187,56.01215575426503
16.548502922058105,2628.6098180444487,0.7999999999999999,3,0.5226374927877814,56.32818783453045
16.570553064346313,2642.6548169042067,0.7999999999999999,3,0.5346423275037736,56.64716001401719
16.59169602394104,2656.860429365566,0.7999999999999999,3,0.5456465330817102,56.95438237503933
16.61443519592285,2671.7660025775967,0.7999999999999999,3,0.5572654565714253,57.29369498606391
16.636587858200073,2686.5879303411875,0.7999999999999999,3,0.5674534118739546,57.60623233026766
16.658339262008667,2701.6884469387014,0.7999999999999999,3,0.5777700822017442,57.9362491921453
16.675992012023926,2715.868118463257,0.7999999999999999,3,0.585916064265559,58.20842216992467
16.69560718536377,2730.5315699930384,0.8999999999999999,3,0.5992138719793179,58.535689777829724
16.714409112930298,2745.5440340389496,0.8999999999999999,3,0.612068329411188,58.866080562096386
16.732619762420654,2760.82357588185,0.8999999999999999,3,0.6245076370223526,59.19953741107144
16.751322031021118,2775.9868937279152,0.8999999999999999,3,0.6359229633672538,59.51829558211165
16.770444869995117,2791.8025661872516,0.8999999999999999,3,0.6482500514748751,59.875443914485686
16.79206919670105,2808.408512529287,0.8999999999999999,3,0.6607769270456663,60.25379786320816
16.811627864837646,2824.8693876696025,0.8999999999999999,3,0.6717358234666385,60.59922989845822
16.830891609191895,2841.2963392001225,0.8999999999999999,3,0.6823995262268098,60.947486033255736
16.850613594055176,2858.102633767253,0.8999999999999999,3,0.6933286144632665,61.31699223535322
16.86973762512207,2875.6156449029495,0.9999999999999999,3,0.7086657195191219,61.71197055871147
16.88985800743103,2894.4210412827238,0.9999999999999999,3,0.7250943776135639,62.153115351369074
16.907957553863525,2912.8960417612907,0.9999999999999999,3,0.7386950054161966,62.5354683910735
16.93135690689087,2933.2586599068954,0.9999999999999999,3,0.7556326916784761,63.028716786729895
16.949395895004272,2953.2284650387664,0.9999999999999999,3,0.7691165619809696,63.44086753083141
16.970488786697388,2973.4489459463525,0.9999999999999999,3,0.7829611565028273,63.878875996295385
16.992626905441284,2994.7320966897905,0.9999999999999999,3,0.7977878429381209,64.36538537481596
17.01030397415161,3015.4866147044067,0.9999999999999999,3,0.810211499111705,64.78989140623321
17.028963565826416,3035.571752752985,0.9999999999999999,3,0.8217323227125868,65.19567256131326
17.051093101501465,2725.6022665698015,0.9999999999999999,4,0.8355492204220918,65.55724861216838
17.073188066482544,2544.4241857817656,0.9999999999999999,4,0.8415978383298949,65.90550219946522
17.092324256896973,2439.767446505839,0.9999999999999999,4,0.8431924312677483,66.19912819867756
17.110474586486816,2380.925588755551,0.9999999999999999,4,0.8428104893543437,66.48565491997454
17.132148504257202,2349.907778468283,0.9999999999999999,4,0.8411414212421399,66.79647716359464
17.15091609954834,2335.134182868478,0.9999999999999999,4,0.8391202722448323,67.07465967637692
17.17403554916382,2330.8874521394023,0.9999999999999999,4,0.8364635764146561,67.40941522057311
17.19222331047058,2331.942360466696,0.9999999999999999,4,0.834449259545017,67.67062270720491
17.213240146636963,2336.7749944598295,0.9999999999999999,4,0.8322489111797616,67.9750929864259
17.235438585281372,2344.0750454835156,0.9999999999999999,4,0.8301983629165313,68.29411959096403
17.25849413871765,2353.0602935388583,0.9999999999999999,4,0.8283687940941578,68.62798998976191
17.27766513824463,2362.262056937335,0.9999999999999999,4,0.8271372939959502,68.90425303723691
17.30067753791809,2372.6064819836124,0.9999999999999999,4,0.8258975350337805,69.25393890697602
17.3237247467041,2383.244988580419,0.9999999999999999,4,0.8250769929710087,69.57524057615517
17.346282482147217,2394.273805383041,0.9999999999999999,4,0.8245274476144259,69.91204682253411
17.366410970687866,2404.9426334500104,0.9999999999999999,4,0.82430943332544,70.20577640647244
17.386549949645996,2415.6108004124044,0.9999999999999999,4,0.8243231077385341,70.51511720254393
17.408705472946167,2426.495586451815,0.9999999999999999,4,0.8245531144582235,70.84019126908657
17.4278621673584,2437.1159653573245,0.9999999999999999,4,0.824951086529497,71.13667356216739
17.448542833328247,2447.385913357736,0.9999999999999999,4,0.8254957404374884,71.41925165252374
17.46765971183777,2457.4582070862575,0.9999999999999999,4,0.8261936377955906,71.70274353101182
17.4907968044281,2468.456950288448,0.9999999999999999,4,0.8272548269787522,72.06199917224252
17.509934663772583,2478.993487213825,0.9999999999999999,4,0.8282351967871358,72.34744604516733
17.529589891433716,2489.4744640982126,0.9999999999999999,4,0.829410885958371,72.64897040939063
17.550679445266724,2500.1456393181857,1.0,4,0.8307843858127485,72.96670063293162
17.57083511352539,2510.737608348755,1.0,4,0.8322180069087659,73.27041511034113
17.593005895614624,2521.710661664155,1.0,4,0.8339281433743345,73.60520293557997
17.610113859176636,2532.08133737548,1.0,4,0.8354294468529659,73.87974263752447
17.633636474609375,2543.1527404768253,1.0,4,0.8374785521062629,74.23128668687005
17.65670108795166,2554.6564108998946,1.0,4,0.8396395832242165,74.58368845536762
17.676257133483887,2565.5843507382097,1.0,4,0.8415194200541685,74.87554755430601
17.695321798324585,2576.3887852788066,1.0,4,0.8436025037039819,75.18349642053626
17.719332218170166,2587.7681884904746,1.0,4,0.846102784622678,75.53850188725902
17.737282037734985,2598.438401369219,1.0,4,0.84813094388138,75.81708171817199
17.756717920303345,2608.9063450095964,1.0,4,0.850359104046186,76.11184642748445
17.774383783340454,2619.262941256384,1.0,4,0.8526606796894384,76.40733714552653
17.79343032836914,2629.347785226129,1.0,4,0.8549052712573121,76.687969785147
17.813478231430054,2639.7100770490315,1.0,4,0.8574686255355956,77.00053786580273
17.833340644836426,2650.2500111438203,1.0,4,0.8600892401806729,77.31391601047348
17.852213382720947,2660.6912539944215,1.0,4,0.8626335705704165,77.61241195172478
17.8702552318573,2670.866714235878,1.0,4,0.8650980453537312,77.89593207575197
17.89229917526245,2681.98163612984,1.0,4,0.8683155061275778,78.25912283611552
17.912853479385376,2693.0197677502483,1.0,4,0.8711493421976299,78.57588081367679
17.9355046749115,2704.6812938393514,1.0,4,0.8744725236362698,78.94117412366954
17.958800792694092,2716.73246980522,1.0,4,0.8778427539141722,79.30759936367234
17.97735023498535,2727.9312364796538,1.0,4,0.8805216593176768,79.59527701562865
18.0015766620636,2739.9558475993535,1.0,4,0.8841750734126831,79.97990590996069
18.02176070213318,2751.828049187713,1.0,4,0.8874031885405651,80.31756198653852
18.040138959884644,2762.955765697477,1.0,4,0.8902157630100366,80.60787382491888
18.05927324295044,2773.87109285775,1.0,4,0.8932411182769283,80.91517213619414
18.08040428161621,2785.1185470723867,1.0,4,0.8966307201866647,81.2557878106867
18.09821343421936,2795.906397804085,1.0,4,0.8995629210183338,81.54863583116405
18.11624002456665,2806.654809164993,1.0,4,0.9027021944480569,81.85861684512912
18.135390043258667,2817.3918384304898,1.0,4,0.9058739737963285,82.16948824882952
18.158390760421753,2828.8133949987687,1.0,4,0.90958202156894,82.53048182229905
18.175509691238403,2839.7533725757876,1.0,4,0.9126299181270714,82.82678550526649
18.195560216903687,2850.643765195002,1.0,4,0.9158882720027831,83.14044255608317
18.214669704437256,2861.7454552205336,1.0,4,0.9193486795817613,83.47157520281328
18.234371423721313,2872.7587450789833,1.0,4,0.9226582887523118,83.78710776777883
18.25351619720459,2883.961629972495,1.0,4,0.9261722894316265,84.1202309656351
18.274699926376343,2895.2923778311942,1.0,4,0.9297087457766916,84.45437682034942
18.292834997177124,2906.4829368630344,1.0,4,0.9330909442881179,84.77279731660599
18.315431118011475,2918.5300159319895,1.0,4,0.9372194067951511,85.15941212292564
18.34004521369934,2931.3419620437267,1.0,4,0.9415327401166134,85.56422073960272
18.36319375038147,2944.399493522549,1.0,4,0.9456768682548842,85.95356294340719
18.381370306015015,2956.6862328115603,1.0,4,0.9491227420741892,86.27634131816563
18.400497436523438,2968.289528759455,1.0,4,0.9524305482113852,86.58309988836201
18.41862916946411,2979.7312729605123,1.0,4,0.9559624717072936,86.90787531779031
18.438172340393066,2991.0898645109496,1.0,4,0.9595196297330263,87.23364965750272
18.459688186645508,3003.124044785905,1.0,4,0.9636643097459258,87.61202008092854
18.479231357574463,3014.8672223673766,1.0,4,0.9672471034714699,87.93990588893207
18.498366594314575,3026.6887077612746,1.0,4,0.9710482697023115,88.28612719853527
18.51704430580139,3038.0934592134,1.0,4,0.974486347673637,88.59872969954806
18.535762071609497,3049.5014117033415,1.0,4,0.9781452849783885,88.92969176973486
18.5598201751709,3062.130472994042,1.0,4,0.9827897434517411,89.34904290046542
18.579519271850586,3074.545795649374,1.0,4,0.9866469065897905,89.69978136375109
18.60059690475464,3086.8488585616506,1.0,4,0.9905318287888073,90.05167859900409
18.62177848815918,3099.8310342877403,1.0,4,0.9950270360941527,90.45769353711745
18.644882917404175,3112.996626818889,1.0,4,0.9993295290959214,90.84746516887431
18.66690969467163,3126.2914619842913,1.0,4,1.003651070297805,91.23862822781373
18.686001539230347,3138.9448185815427,1.0,4,1.00740122798263,91.57766326406113
18.70905113220215,3152.2162872193867,1.0,4,1.0119857510528174,91.9894140278494
18.732280731201172,3166.12735996893,1.0,4,1.0167734749125066,92.42064775696906
18.755423545837402,3179.947453553339,1.0,4,1.0211670716149486,92.81746352861349
18.778655767440796,3193.982713380781,1.0,4,1.0257896822530999,93.23383598582333
18.79769515991211,3207.166173745896,1.0,4,1.0296241109834214,93.57909492581258
18.817724466323853,3220.3574326452494,1.0,4,1.0339096337973557,93.9619716499045
18.839296102523804,3233.8243038167902,1.0,4,1.03842026917601,94.36449056473833
18.86091160774231,3247.2234397411426,1.0,4,1.0427380931417223,94.75010993844877
18.8830783367157,3260.8549630231164,1.0,4,1.0472852384293425,95.15552341250834
18.902179479599,3273.8810352829046,1.0,4,1.0512245898884787,95.50693410965944
18.924201011657715,3045.88668963451,1.0,5,1.0558257503700899,95.83580437311916
18.942287921905518,2912.0353463690712,1.0,5,1.0552035762753382,96.09678135124571
18.963762283325195,2835.413052712327,1.0,5,1.0512849657064425,96.42361682477124
18.98781991004944,2793.0784455365965,1.0,5,1.045824074719721,96.74604459445473
19.01085638999939,2771.282770260691,1.0,5,1.039738469361326,97.0654880132186
19.033437490463257,2761.786903571916,1.0,5,1.0335571473689904,97.38284464049758
19.057125329971313,2759.653892038269,1.0,5,1.027577691519317,97.69869225635786
19.080190420150757,2762.0803151993614,1.0,5,1.0217161252362423,98.02709768495916
19.10324263572693,2766.923872098869,1.0,5,1.01678479267459,98.3272787401626
19.125305652618408,2773.2108960078467,1.0,5,1.0122885308352758,98.62685608139128
19.144644260406494,2780.051758845466,1.0,5,1.0086001288458921,98.89876602794543
19.163321018218994,2786.915055244169,1.0,5,1.0056063944519815,99.1432187144355
19.18100380897522,2793.789829675846,1.0,5,1.0029013907458095,99.38749576865418
19.200103282928467,2800.822959456689,1.0,5,1.0003346470018206,99.64519430136191
19.21821641921997,2807.7966355505437,1.0,5,0.9981718125702347,99.88920567319893
19.23582434654236,2814.7337960092746,1.0,5,0.9962548838296349,100.13314231015372
19.254406452178955,2821.648512866381,1.0,5,0.9945699058118064,100.37703161034716
19.272082328796387,2828.549526420844,1.0,5,0.9931039376504665,100.62089989764884
19.294145345687866,2836.0539716186922,1.0,5,0.9915651127634016,100.91896621541797
19.31328296661377,2843.461778360734,1.0,5,0.9904704989526645,101.17638780075505
19.333563804626465,2851.118223429995,1.0,5,0.9894896319312385,101.46097880901189
19.3567316532135,2859.0778423097827,1.0,5,0.9887000485939641,101.75921479295219
19.37535572052002,2866.9147115722762,1.0,5,0.9881933612915561,102.03045569196901
19.397740125656128,2874.986011760248,1.0,5,0.987846783776749,102.32899532062409
19.419743537902832,2881.3406113720566,0.5,5,0.9551773092091138,102.46295617023594
19.44095015525818,2886.5715243727464,0.5,5,0.9261196173317578,102.58861734352804
19.46549916267395,2891.3717401023387,0.5,5,0.893773708488097,102.73585611621814
19.487467765808105,2895.6224842414763,0.5,5,0.8686927796464522,102.85730494658844
19.510488986968994,2899.7171051670975,0.5,5,0.8418871541745453,102.99413273611698
19.53386878967285,2903.6307599716924,0.5,5,0.818096451437621,103.12322564966651
19.55274200439453,2907.1656464202783,0.5,5,0.7998375742745428,103.22837740780284
19.577418088912964,2910.831127111961,0.5,5,0.7772276002293557,103.36523837081239
19.601550340652466,2914.4928729856856,0.5,5,0.7571951857817668,103.49482529823125
19.624675273895264,2918.0742415896193,0.5,5,0.7394230050889984,103.61748863740075
19.648982524871826,2921.651678015889,0.5,5,0.7222019222187823,103.74407684098269
19.667718648910522,2924.916914252447,0.5,5,0.7095851233346384,103.84321034645208
19.68877911567688,2928.1028075971744,0.5,5,0.6964703632384827,103.95191160812959
19.71293616294861,2931.4046295429207,0.5,5,0.6824656517390828,104.07510348764947
19.734626293182373,2934.648619798796,0.5,5,0.6705896682471318,104.18700756551533
19.756211757659912,2937.7912251715634,0.5,5,0.6600367242413895,104.29300267362726
19.778371572494507,2940.9213418497857,0.5,5,0.6497133097319703,104.40328134000765
19.798466444015503,2943.9231360454623,0.5,5,0.6409799878070784,104.5028534431261
19.817620515823364,2946.841471246341,0.5,5,0.6328015407951213,104.60185264413563
19.840758085250854,2949.870348742665,0.5,5,0.6239951593115718,104.71508402202898
19.859840393066406,2952.7370602963006,0.5,5,0.6172518826385263,104.80806900716843
19.881985425949097,2955.6667050563024,0.5,5,0.609921369123736,104.91525206177576
19.904091119766235,2958.6281037754657,0.5,5,0.6031078163387779,105.02190293371915
19.92322087287903,2961.4940738929604,0.5,5,0.5973529507115702,105.11840975805939
19.943894147872925,2964.298551712559,0.5,5,0.591972855571775,105.21454131105473
19.966618061065674,2967.224311709044,0.5,5,0.5861901456918654,105.32468882280342
19.988872289657593,2970.164057261005,0.5,5,0.5810736197172532,105.42962756380518
20.008958101272583,2973.054396565799,0.5,5,0.5765437534934852,105.52944491763874
20.029492616653442,2975.858128911551,0.5,5,0.5725311163628386,105.62421481698945
20.05018711090088,2978.6603034656173,0.5,5,0.5686009238242246,105.72345117678472
20.071324586868286,2981.458517909026,0.5,5,0.5649485969007271,105.82241945568144
20.09249258041382,2984.198499384115,0.5,5,0.5617181115566049,105.9164383090394
20.111659288406372,2986.901200163328,0.5,5,0.558709637999731,106.01024973621516
20.131199598312378,2989.5265269935508,0.5,5,0.5560494803610565,106.09918717695734
20.150481462478638,2992.1563475502867,0.5,5,0.5534359272456125,106.19263642045951
20.169588804244995,2994.7343360273144,0.5,5,0.5511277214172469,106.2812539631584
20.190553426742554,2997.384766794249,0.5,5,0.5487498057970553,106.37904622041397
20.212337732315063,3000.07684893042,0.5,5,0.5465503235132187,106.47667774048358
20.231066703796387,3002.7398702074624,0.5,5,0.5446152374057099,106.56951979390703
20.251249074935913,3005.3840865290367,0.5,5,0.542823647540644,106.66224059119916
20.275280475616455,3008.1725285717994,0.5,5,0.5409182161981402,106.76874086206371
20.299381017684937,3011.1502950386584,0.5,5,0.5390258539220599,106.88434916508767
20.319485187530518,3013.9272231210944,0.5,5,0.5377246202743088,106.97209586356058
20.343822717666626,3016.8953082754883,0.5,5,0.5361457666224354,107.08745845940945
20.36402988433838,3019.7685865801013,0.5,5,0.5349510526545973,107.18425736797609
20.388529300689697,3022.7401010546764,0.5,5,0.5337071491321121,107.29480133307334
20.41150403022766,3025.6656485651984,0.5,5,0.5326826224327542,107.39604944371035
20.43607449531555,3028.7186010931396,0.5,5,0.5316328412318502,107.51103064121845
20.46065402030945,3031.847101618074,0.5,5,0.5307010458678018,107.62593253245792
20.483049154281616,3034.8646502181473,0.5,5,0.5299779611902627,107.72698654142562
20.50732684135437,3037.9188052740124,0.5,5,0.5292784488101135,107.83718301773172
20.529017686843872,3040.9426128420737,0.5,5,0.5286924754245997,107.94274423539366
20.552721738815308,3043.9478333780125,0.5,5,0.5281827015264915,108.04827191104546
20.572957038879395,3046.786287903956,0.5,5,0.5278009171496473,108.1400108006484
20.595638751983643,3049.679808104219,0.5,5,0.5274217831003856,108.2454951898702
20.619775772094727,3052.657892527709,0.5,5,0.5270891769200442,108.35554514296052
20.638338088989258,3055.4278167512193,0.5,5,0.5268739223854438,108.44265433203684
20.660396099090576,3058.228048368142,0.5,5,0.5266702268061041,108.54351595288914
20.683109283447266,3061.046399603527,0.5,5,0.5265116577555807,108.64437183031845
20.702216625213623,3063.7721276144152,0.5,5,0.5264060069718821,108.73605711724636
20.722295999526978,3066.390583792617,0.5,5,0.5263382950786029,108.82316150391321
20.741440773010254,3068.944741655345,0.5,5,0.5263000288207532,108.91027163103934
20.76541757583618,3071.77086688129,0.5,5,0.5262853876233369,109.02489896723161
20.788474559783936,3074.604974095479,0.5,5,0.5263046272510438,109.1257743221108
20.81022334098816,3077.443999683692,0.5,5,0.5263534207092189,109.2266611235992
20.833290576934814,3080.337891061998,0.5,5,0.5264334453453092,109.3321480417829
20.85836625099182,3083.3684163790895,0.5,5,0.526550411742247,109.4468249974156
20.882410526275635,3086.429359965143,0.5,5,0.5266905669492815,109.55693308621865
20.90421152114868,3089.457023510438,0.5,5,0.5268504138230798,109.66247506323938
20.926507472991943,3092.361398276219,0.5,5,0.527018148435385,109.75886188904047
20.95117998123169,3095.3993228166114,0.5,5,0.5272416905214634,109.87363712898832
20.974159002304077,3098.4658695755097,0.5,5,0.5274769324820194,109.98384832669495
20.996221780776978,3101.3944164108243,0.5,5,0.5277004304255083,110.08030977382073
21.020840167999268,3104.447905104248,0.5,5,0.5279866739144463,110.19517902008397
21.044615030288696,3107.5248692134437,0.5,5,0.5282779865701641,110.30548581438693
21.06824231147766,3110.616315465283,0.5,5,0.5285857563663281,110.41582777700711
21.09138035774231,3113.664962507007,0.5,5,0.5288955553613213,110.5216073942985
21.114472150802612,3116.688342008581,0.5,5,0.5292195924609637,110.62742351725983
21.13963007926941,3119.800859173032,0.5,5,0.5295859493675353,110.74248140072774
21.163761377334595,3122.915369363019,0.5,5,0.5299493639114251,110.8529768434802
21.18642830848694,3125.9795676081158,0.5,5,0.530309085470949,110.95890823389435
21.206570625305176,3128.858043458542,0.5,5,0.5306315618207138,111.05105779964921
21.226720094680786,3131.6254786966615,0.5,5,0.5309640258296648,111.14324217319904
21.248630046844482,3134.4307426517294,0.5,5,0.531338876395522,111.24468203255965
21.26919436454773,3137.2070677736665,0.5,5,0.5317032360202842,111.34154647077068
21.289544820785522,3139.9143608660725,0.5,5,0.5320568038387373,111.43383259329843
21.309189558029175,3142.52852539534,0.5,5,0.5323988676487066,111.52153680121951
21.327884435653687,3145.087171744268,0.5,5,0.5327468602787364,111.60927281601798
21.347519159317017,3147.664992334067,0.5,5,0.5331185148567694,111.7016594886275
21.367532968521118,3150.2546920099076,0.5,5,0.5334943378694424,111.79407934899534
21.389042615890503,3152.9040682038312,0.5,5,0.5338932016861392,111.8911555308311
21.410104513168335,3155.589658755226,0.5,5,0.5342955392574267,111.98826790472323
21.43018674850464,3158.2451871695157,0.5,5,0.5346821879712741,112.08079115068755
21.453809022903442,3161.1442211078293,0.5,5,0.535170601673915,112.19648944933684
21.4753634929657,3163.980891040378,0.5,5,0.5355815083616904,112.2937156623003
21.497415781021118,3166.832867206686,0.5,5,0.536016918051186,112.39561375388534
21.517460584640503,3169.5899177209926,0.5,5,0.536415964284957,112.48828681387882
21.542157649993896,3172.499697739522,0.5,5,0.5369000814408758,112.59953984771165
21.564568519592285,3175.4493100811123,0.5,5,0.5373651426109518,112.706202457454
21.58913254737854,3178.475703730931,0.5,5,0.5378533964580628,112.81755088199485
21.612180709838867,3181.496343379198,0.5,5,0.53832348939717,112.92430734002659
21.632737398147583,3184.3568529579015,0.5,5,0.5387351641661011,113.01718074282672
21.655386686325073,3187.3314545337153,0.5,5,0.5392348086240518,113.12867710755135
21.678654432296753,3190.3226171368656,0.5,5,0.5397144630989029,113.23557518046134
21.700714826583862,3193.2193071927313,0.5,5,0.5401545618687823,113.33322165932601
21.719350814819336,3196.0073003705397,0.5,5,0.5405771122938021,113.4262592860628
21.739010095596313,3198.678002298002,0.5,5,0.540981710885306,113.51468276417131
21.7581307888031,3201.2787400230036,0.5,5,0.5413893628284526,113.60314262051476
21.77816915512085,3203.890463702548,0.5,5,0.541820805703641,113.69629560736185
21.799630165100098,3206.6143714540503,0.5,5,0.5422965586244339,113.79880504246141
21.82418990135193,3209.5638922283074,0.5,5,0.5428366899009127,113.91534151456506
21.849777460098267,3212.6493680952854,0.5,5,0.5433744613994321,114.03193002489346
21.871819734573364,3215.659067189681,0.5,5,0.5438472763281028,114.134575920586
21.890865087509155,3218.4657972425384,0.5,5,0.5442581288623161,114.22326563119071
21.915409564971924,3221.414695774716,0.5,5,0.5447821690385503,114.3353436850799
21.937577962875366,3224.070249329612,0.40000000000000013,5,0.537675986438907,114.41387028088471
21.961249589920044,3226.544684670678,0.40000000000000013,5,0.5310852595625644,114.49194397581502
21.985380172729492,3228.981884270052,0.40000000000000013,5,0.5244411818519847,114.57634747287847
22.007526397705078,3231.2778009602353,0.40000000000000013,5,0.5190549627336609,114.65021168294024
22.028817176818848,3233.4474908806524,0.40000000000000013,5,0.5142727402817368,114.72040242656328
22.05247735977173,3235.613415568343,0.40000000000000013,5,0.5093855728874304,114.79697043508075
22.073598623275757,3237.698670554558,0.40000000000000013,5,0.5052499817060327,114.86659056027658
22.09284543991089,3239.6954876310815,0.40000000000000013,5,0.5015766175785197,114.9326631267361
22.11630654335022,3241.748414821104,0.40000000000000013,5,0.49762460655141366,115.0084093936589
22.136841535568237,3243.7209681204104,0.40000000000000013,5,0.49444208854314253,115.07405069118401
22.157557487487793,3245.3896395167467,0.30000000000000016,5,0.4843115488383448,115.11703842119425
22.17657232284546,3246.8480506396104,0.30000000000000016,5,0.47528154625477603,115.15755120089842
22.199645042419434,3248.243919990733,0.30000000000000016,5,0.4655304640140216,115.20370078979258
22.225654363632202,3249.6640941222718,0.30000000000000016,5,0.45527928475616786,115.25532906074284
22.250529527664185,3251.048084327255,0.30000000000000016,5,0.4465652600593379,115.302458935576
22.271511793136597,3252.3614092905623,0.30000000000000016,5,0.43916192503359747,115.34525096578487
22.29402995109558,3253.62840184336,0.30000000000000016,5,0.43225612571987826,115.38769447317803
22.314130783081055,3254.8207065677875,0.30000000000000016,5,0.42640029345663316,115.42598324682001
22.336833715438843,3256.008292602488,0.30000000000000016,5,0.42035345694222415,115.46782471129916
22.358131647109985,3257.2111285902047,0.30000000000000016,5,0.41445742440985234,115.51126833031795
22.38172435760498,3258.1076733143145,0.20000000000000015,5,0.4018444413350503,115.52676100947501
22.40081477165222,3258.800533100295,0.20000000000000015,5,0.39113856071086905,115.54048946702639
22.423965215682983,3259.398069257675,0.20000000000000015,5,0.37906574811453597,115.55660038501438
22.45021653175354,3259.941152150562,0.20000000000000015,5,0.3673984356478424,115.57295417259736
22.47381591796875,3260.432492264881,0.20000000000000015,5,0.35747212229660225,115.58761811345296
22.498406887054443,3260.9031930504225,0.20000000000000015,5,0.34742965165600503,115.60320414978979
22.517544507980347,3261.3231008943203,0.20000000000000015,5,0.34000015997948074,115.61538677162572
22.53800678253174,3261.7101449796305,0.20000000000000015,5,0.3330181654243914,115.62735779568033
22.56250810623169,3261.799737383156,0.10000000000000014,5,0.3170926219860135,115.61471913199027
22.58564043045044,3261.707889309755,0.10000000000000014,5,0.3023139388404464,115.6018173466531
22.60967779159546,3261.5044206897314,0.10000000000000014,5,0.28859909414783036,115.58867133176724
22.62973117828369,3261.2628644001916,0.10000000000000014,5,0.2785228572778377,115.57808475826322
22.652361392974854,3260.9715044978693,0.10000000000000014,5,0.26701999627344797,115.56511008198405
22.67214608192444,3260.6675797862126,0.10000000000000014,5,0.2577070807348653,115.55366987991765
22.696995496749878,3260.32203844345,0.10000000000000014,5,0.24676362345634353,115.53921008209674
22.716848611831665,3259.982476692412,0.10000000000000014,5,0.23866475424233233,115.52749269548772
22.736695766448975,3259.645255610588,0.10000000000000014,5,0.23105111865413108,115.51566480582173
22.758946895599365,3259.0358229305216,1.3877787807814457e-16,5,0.21580174482295844,115.47959206958491
22.777986526489258,3258.318725550147,1.3877787807814457e-16,5,0.20350104536804983,115.44845151173523
22.799041271209717,3257.48168768701,1.3877787807814457e-16,5,0.19006997637375855,115.41240718320225
22.824079990386963,3256.5174108936553,1.3877787807814457e-16,5,0.17581472814572668,115.37146502274142
22.847196340560913,3255.5139590727586,1.3877787807814457e-16,5,0.16368351190367156,115.33381631176154
22.867244482040405,3254.5610503246394,1.3877787807814457e-16,5,0.1543535517251623,115.30272892967143
22.88638472557068,3253.620136890653,1.3877787807814457e-16,5,0.14509233862165258,115.27001729725795
22.906862497329712,3252.6865622493006,1.3877787807814457e-16,5,0.13638679830435343,115.23731821225032
22.925963640213013,3251.7759766467743,1.3877787807814457e-16,5,0.1286127508010053,115.20626599357607
22.94416880607605,3250.8793120957507,1.3877787807814457e-16,5,0.121281824005348,115.17522508391258
22.965266227722168,3249.9542660764337,0.0,5,0.11364106909301107,115.14092920158798
22.987786531448364,3248.993923479501,0.0,5,0.10614075853287233,115.10501463650144
23.00791096687317,3248.0494050017023,0.0,5,0.09977231302089999,115.07237878832669
23.02710270881653,3247.1329306235284,0.0,5,0.09408529117870869,115.04138660458922
23.05053973197937,3246.1414004062854,0.0,5,0.08731115021384166,115.00225282006849
23.071672439575195,3245.178613300015,0.0,5,0.08207248120101115,114.96965630931281
23.08977246284485,3244.251599210328,0.0,5,0.07739434977255352,114.93870147122794
23.111804485321045,3243.3094164005834,0.0,5,0.07251850573688265,114.90450066042848
23.133546113967896,3242.339914967948,0.0,5,0.06773228435824839,114.86868562441343
23.157962560653687,3241.317463058204,0.0,5,0.06285555988445451,114.82963110422422
23.178990364074707,3240.3001553789127,0.0,5,0.05870709293208052,114.79384754331667
23.201040744781494,3239.286103928708,0.0,5,0.054832424798563206,114.75807901854661
23.224080324172974,3238.2374942120714,0.0,5,0.05088449021306665,114.71907520076397
23.244351387023926,3237.2416807165464,0.0,5,0.04783142080028265,114.68658690912865
23.26346445083618,3236.314335653177,0.0,5,0.04524852407706739,114.65735860545118
23.288164138793945,3235.299951253838,0.0,5,0.041854884771287335,114.61677767865102
23.3093204498291,3234.2884926841207,0.0,5,0.03909246237638237,114.58108348909974
23.328402519226074,3233.333866607734,0.0,5,0.036864192020928575,114.55026961834565
23.351590633392334,3232.3402817426945,0.0,5,0.0343205627714845,114.51298212432549
23.3753023147583,3231.323506013527,0.0,5,0.03195244394025207,114.4757109706124
23.39898371696472,3230.2747200105764,0.0,5,0.02965186797655392,114.43683636969092
23.41909432411194,3229.2800150087023,0.0,5,0.027872755897960684,114.40445567293052
23.44377088546753,3228.24483887023,0.0,5,0.025865917473307513,114.36561362945443
23.46289610862732,3227.258605733307,0.0,5,0.02431396242490906,114.3332600422937
23.482020139694214,3226.320126740205,0.0,5,0.022928066566689245,114.30253582824157
23.50556254386902,3225.3374541919743,0.0,5,0.021346029973587685,114.26535679758867
23.528625965118408,3224.310214130144,0.0,5,0.019809115815489373,114.22657825173371
23.548581838607788,3223.3293393343683,0.0,5,0.018620568866560012,114.19427753714872
23.567787647247314,3222.394641830525,0.0,5,0.017559196441166092,114.16360351874121
23.591325521469116,3221.3967104519807,0.0,5,0.016294934297402135,114.12487137359099
23.615546226501465,3220.3792426909513,0.0,5,0.015170583830881388,114.08776998380085
23.63755202293396,3219.350235907725,0.0,5,0.014123813546550571,114.05068479238655
23.660768747329712,3218.3144883792615,0.0,5,0.013149270411838582,114.0136157870125
23.683666229248047,3217.2930598426397,0.0,5,0.012281418564657235,113.97817394803612
23.703818559646606,3216.298562901853,0.0,5,0.011507689195083829,113.94435721633837
23.723376512527466,3215.356709038095,0.0,5,0.010851750910964051,113.91377330684749
23.742428302764893,3214.428405765935,0.0,5,0.010200645856306208,113.88159131105516
23.765966415405273,3213.4539124839944,0.0,5,0.00949680129222108,113.8445960407836
23.785629749298096,3212.5063213645853,0.0,5,0.008926993214687816,113.81244025586476
23.804149627685547,3211.5931468660583,0.0,5,0.00841815460145061,113.78190382950439
23.823331832885742,3210.7007462964975,0.0,5,0.007938319789167926,113.7513783868029
23.845628261566162,3209.7846842795716,0.0,5,0.007438205642450347,113.71765187181757
23.863678455352783,3208.8726942680873,0.0,5,0.006991913303903326,113.68554414390655
23.884133338928223,3207.9813953252888,0.0,5,0.006593374245580836,113.6550533415326
23.90882444381714,3206.9940089824177,0.0,5,0.006098871177162273,113.61494827922594
23.930898904800415,3206.003471271516,0.0,5,0.005696345679469563,113.5796725036934
23.95006275177002,3205.065472852056,0.0,5,0.0053716539757397985,113.54921972726069
23.96918773651123,3204.141039664748,0.0,5,0.0050493547371954104,113.51717567961545
23.992906093597412,3203.170657591936,0.0,5,0.004700949260328927,113.48033894490656
24.016155004501343,3202.1548196975655,0.0,5,0.004362480913585244,113.44191730576108
24.039727926254272,3201.1299635794135,0.0,5,0.0040614697305478625,113.40511324819023
24.06310200691223,3200.0818257787105,0.0,5,0.0037690439099484162,113.36672568106378
24.08562159538269,3199.0740435916305,0.0,5,0.003531594143621666,113.33315176575037
24.109142780303955,3198.0184820577147,0.0,5,0.003266724582850041,113.29319864625633
24.130292892456055,3197.0246013514125,0.0,5,0.003070721107879039,113.26125121343144
24.150020122528076,3196.0678650275695,0.0,5,0.0028864778414062963,113.22931582132264
24.17013144493103,3195.1335511295765,0.0,5,0.002713289170921919,113.19739246199804
24.192273139953613,3194.176812754354,0.0,5,0.002534212085641072,113.1622899940859
24.21108913421631,3193.260781870673,0.0,5,0.002389761996759531,113.13198678386964
24.230417013168335,3192.369297789002,0.0,5,0.0022535455629442377,113.10169441116483
24.253571271896362,3191.4207180568574,0.0,5,0.0020980509191010853,113.06503780772722
24.274330139160156,3190.474017347177,0.0,5,0.001965873711197717,113.03158321653831
24.294435024261475,3189.528593160334,0.0,5,0.0018420236673922607,112.99814183778409
24.318054914474487,3188.5481548693087,0.0,5,0.0017149240343421947,112.9615300265821
24.33966565132141,3187.5648434761933,0.0,5,0.00160173904807561,112.9265251719587
24.359009265899658,3186.63381949053,0.0,5,0.0015104399223353,112.89630620311685
24.384084939956665,3185.626632155958,0.0,5,0.0013971569281601526,112.85655859262545
24.408737421035767,3184.5739573934898,0.0,5,0.0012923701585481411,112.81682964155075
24.429364919662476,3183.5659048952944,0.0,5,0.0012109508385596082,112.78347298368452
24.45415186882019,3182.5310170601347,0.0,5,0.0011237623781833164,112.7453661116531
24.477807760238647,3181.4802216437865,0.0,5,0.0010428514869541177,112.70727639618855
24.49994444847107,3180.4558809177242,0.0,5,0.0009740232888151459,112.6723765381407
24.518980264663696,3179.4833664504467,0.0,5,0.0009155818914862372,112.64066247971374
24.5421941280365,3178.5063043047867,0.0,5,0.0008551534866481456,112.60579009143432
24.561591386795044,3177.580320030801,0.0,5,0.0008064097379092013,112.5756854426942
24.58266592025757,3176.649353274468,0.0,5,0.0007556059244209217,112.5424237248575
24.60309362411499,3175.715544636833,0.0,5,0.0007080027511824036,112.50917508643103
24.624155521392822,3174.7801783768873,0.0,5,0.0006633985778579122,112.47593951840886
24.646812677383423,3173.8261709640783,0.0,5,0.00061961427171929,112.44113498766863
24.66938281059265,3172.843293888828,0.0,5,0.0005768608869706589,112.40476340894082
24.692509412765503,3171.8432715836116,0.0,5,0.0005370574857696834,112.36840747568674
24.71665668487549,3170.815307286807,0.0,5,0.0004983893467942663,112.3304871630932
24.736315488815308,3169.842062917367,0.0,5,0.0004684859859866103,112.29890107738747
24.75668716430664,3168.8839670824946,0.0,5,0.0004389713688694539,112.26574808093831
24.77680253982544,3167.952916772718,0.0,5,0.00041263308673728666,112.23418618394577
24.798871517181396,3167.002620828608,0.0,5,0.00038539930301262576,112.19948106354475
24.81900405883789,3166.076529715585,0.0,5,0.0003622753448318682,112.16794391171157
24.842089891433716,3165.111727241988,0.0,5,0.0003372783460384693,112.13168972414826
24.864360094070435,3164.141654923632,0.0,5,0.0003150179751999303,112.0970266863033
24.8864164352417,3163.1685812136866,0.0,5,0.0002942267888367349,112.06237787155928
